Date,Price,Open,High,Low,Vol.,Change %
16-Feb-22,"44,095.90","44,540.90","44,552.90","43,692.20",51.79K,-1.01%
15-Feb-22,"44,544.40","42,550.30","44,722.60","42,460.10",56.34K,4.69%
14-Feb-22,"42,550.30","42,061.10","42,799.70","41,591.30",53.60K,1.16%
13-Feb-22,"42,061.10","42,205.50","42,725.10","41,880.10",25.88K,-0.34%
12-Feb-22,"42,205.20","42,388.40","43,006.40","41,776.80",37.88K,-0.43%
11-Feb-22,"42,388.40","43,519.30","43,915.10","42,023.40",69.95K,-2.60%
10-Feb-22,"43,521.00","44,388.90","45,755.20","43,242.50",89.69K,-1.96%
9-Feb-22,"44,388.90","44,038.20","44,800.40","43,163.00",50.92K,0.80%
8-Feb-22,"44,038.20","43,833.90","45,399.80","42,705.00",92.88K,0.47%
7-Feb-22,"43,833.90","42,385.20","44,468.30","41,695.40",76.60K,3.40%
6-Feb-22,"42,392.20","41,411.90","42,614.80","41,176.30",31.20K,2.37%
5-Feb-22,"41,412.10","41,566.50","41,899.80","40,963.30",46.32K,-0.37%
4-Feb-22,"41,567.60","37,287.80","41,689.00","37,041.10",95.49K,11.48%
3-Feb-22,"37,287.80","36,890.20","37,304.30","36,297.30",50.35K,1.08%
2-Feb-22,"36,890.20","38,711.20","38,853.80","36,682.30",53.74K,-4.70%
1-Feb-22,"38,709.70","38,475.60","39,230.00","38,037.90",55.20K,0.55%
31-Jan-22,"38,498.60","37,923.80","38,701.40","36,672.80",61.27K,1.53%
30-Jan-22,"37,917.70","38,167.50","38,313.30","37,390.60",34.10K,-0.66%
29-Jan-22,"38,170.80","37,736.50","38,663.70","37,350.20",42.77K,1.13%
28-Jan-22,"37,745.10","37,195.60","37,995.90","36,176.50",69.45K,1.56%
27-Jan-22,"37,164.30","36,800.10","37,215.40","35,543.20",83.52K,0.99%
26-Jan-22,"36,800.40","36,962.30","38,862.60","36,280.00",107.87K,-0.41%
25-Jan-22,"36,950.60","36,691.30","37,501.80","35,729.30",79.68K,0.72%
24-Jan-22,"36,686.30","36,268.60","37,424.00","32,985.60",153.77K,1.15%
23-Jan-22,"36,269.50","35,072.90","36,513.00","34,655.20",70.43K,3.40%
22-Jan-22,"35,075.20","36,467.70","36,749.80","34,116.00",138.09K,-3.84%
21-Jan-22,"36,475.50","40,698.10","41,104.60","35,503.90",155.80K,-10.41%
20-Jan-22,"40,715.90","41,683.60","43,487.10","40,568.30",65.28K,-2.31%
19-Jan-22,"41,677.80","42,365.30","42,558.00","41,160.90",53.77K,-1.62%
18-Jan-22,"42,364.60","42,209.90","42,674.20","41,300.70",47.32K,0.37%
17-Jan-22,"42,209.30","43,080.50","43,179.60","41,559.40",41.44K,-2.02%
16-Jan-22,"43,079.10","43,079.20","43,462.00","42,643.30",28.66K,-0.04%
15-Jan-22,"43,097.00","43,073.60","43,777.90","42,586.10",31.44K,0.06%
14-Jan-22,"43,073.30","42,562.20","43,435.10","41,848.70",50.50K,1.21%
13-Jan-22,"42,560.00","43,900.00","44,404.70","42,337.50",53.42K,-3.05%
12-Jan-22,"43,901.00","42,735.00","44,243.60","42,476.70",53.95K,2.73%
11-Jan-22,"42,733.20","41,829.10","43,090.20","41,287.60",61.78K,2.15%
10-Jan-22,"41,832.20","41,848.90","42,243.80","39,697.00",85.50K,-0.04%
9-Jan-22,"41,848.30","41,681.20","42,764.40","41,260.90",37.51K,0.42%
8-Jan-22,"41,672.00","41,551.30","42,304.40","40,574.30",52.54K,0.30%
7-Jan-22,"41,546.70","43,097.90","43,127.70","40,810.00",88.36K,-3.60%
6-Jan-22,"43,097.50","43,431.60","43,772.30","42,481.10",63.08K,-0.76%
5-Jan-22,"43,425.90","45,833.10","47,019.40","42,535.10",83.74K,-5.26%
4-Jan-22,"45,837.30","46,435.70","47,505.40","45,602.10",55.59K,-1.28%
3-Jan-22,"46,430.20","47,293.90","47,556.00","45,704.00",41.06K,-1.86%
2-Jan-22,"47,311.80","47,738.70","47,944.90","46,718.20",27.02K,-0.89%
1-Jan-22,"47,738.00","46,217.50","47,917.60","46,217.50",31.24K,3.29%
31-Dec-21,"46,219.50","47,123.30","48,553.90","45,693.60",58.18K,-1.92%
30-Dec-21,"47,123.30","46,470.70","47,901.40","46,003.00",60.96K,1.42%
29-Dec-21,"46,461.70","47,548.40","48,121.70","46,127.80",63.92K,-2.28%
28-Dec-21,"47,545.20","50,703.40","50,703.80","47,345.70",74.39K,-6.18%
27-Dec-21,"50,678.20","50,783.60","52,016.30","50,459.00",43.90K,-0.20%
26-Dec-21,"50,779.90","50,404.00","51,247.00","49,527.00",32.34K,0.74%
25-Dec-21,"50,406.40","50,789.60","51,140.20","50,196.80",26.67K,-0.75%
24-Dec-21,"50,786.10","50,807.40","51,795.30","50,428.40",45.97K,-0.03%
23-Dec-21,"50,801.00","48,599.60","51,355.60","48,053.40",56.24K,4.53%
22-Dec-21,"48,599.70","48,898.70","49,540.30","48,449.70",40.89K,-0.62%
21-Dec-21,"48,902.00","46,900.10","49,306.10","46,654.00",57.88K,4.28%
20-Dec-21,"46,895.20","46,703.40","47,488.90","45,577.30",57.53K,0.41%
19-Dec-21,"46,704.50","46,855.70","48,270.20","46,438.40",44.05K,-0.32%
18-Dec-21,"46,856.20","46,171.80","47,330.20","45,513.40",36.93K,1.48%
17-Dec-21,"46,172.20","47,630.40","47,997.20","45,523.80",67.50K,-3.06%
16-Dec-21,"47,628.20","48,876.60","49,387.80","47,543.90",48.20K,-2.54%
15-Dec-21,"48,871.50","48,366.20","49,477.90","46,572.60",80.28K,1.04%
14-Dec-21,"48,366.50","46,709.80","48,635.00","46,338.30",62.54K,3.56%
13-Dec-21,"46,703.60","50,075.90","50,196.10","45,848.20",80.37K,-6.74%
12-Dec-21,"50,081.00","49,332.50","50,779.20","48,670.50",40.30K,1.55%
11-Dec-21,"49,314.50","47,138.40","49,487.00","46,834.00",45.23K,4.62%
10-Dec-21,"47,137.20","47,591.70","49,974.80","47,007.10",68.06K,-0.97%
9-Dec-21,"47,596.60","50,477.60","50,790.20","47,341.90",58.69K,-5.70%
8-Dec-21,"50,473.90","50,596.60","51,204.70","48,700.70",55.59K,-0.24%
7-Dec-21,"50,595.20","50,547.40","51,918.60","50,070.90",56.29K,0.07%
6-Dec-21,"50,562.10","49,412.10","50,913.30","47,237.90",89.68K,2.34%
5-Dec-21,"49,405.50","49,196.40","49,689.30","47,797.80",72.03K,0.43%
4-Dec-21,"49,195.20","53,620.70","53,847.20","42,587.80",168.00K,-8.27%
3-Dec-21,"53,631.50","56,495.20","57,543.60","52,008.90",89.20K,-5.07%
2-Dec-21,"56,496.00","57,207.80","57,377.50","55,807.90",54.94K,-1.25%
1-Dec-21,"57,210.30","56,891.70","59,064.30","56,496.50",66.75K,0.58%
30-Nov-21,"56,882.90","57,795.20","59,174.40","55,936.90",73.66K,-1.58%
29-Nov-21,"57,794.80","57,288.10","58,855.20","56,726.70",58.65K,0.88%
28-Nov-21,"57,291.50","54,758.00","57,392.30","53,448.30",49.28K,4.61%
27-Nov-21,"54,765.90","53,747.20","55,280.30","53,654.30",40.71K,1.93%
26-Nov-21,"53,730.90","58,937.30","59,151.10","53,533.50",104.03K,-8.83%
25-Nov-21,"58,935.10","57,167.10","59,387.30","57,029.80",56.79K,3.08%
24-Nov-21,"57,171.70","57,559.40","57,697.40","55,910.60",56.68K,-0.70%
23-Nov-21,"57,573.20","56,304.80","57,855.10","55,542.50",72.48K,2.25%
22-Nov-21,"56,308.80","58,719.70","59,288.30","55,656.80",76.45K,-4.10%
21-Nov-21,"58,714.30","59,724.00","60,002.60","58,528.30",40.98K,-1.68%
20-Nov-21,"59,717.60","58,080.80","59,854.60","57,435.30",44.53K,2.81%
19-Nov-21,"58,083.40","56,908.30","58,335.90","55,626.30",74.44K,1.98%
18-Nov-21,"56,955.30","60,368.20","60,936.90","56,524.40",100.37K,-5.65%
17-Nov-21,"60,367.80","60,074.20","60,814.50","58,531.90",73.93K,0.46%
16-Nov-21,"60,089.10","63,605.10","63,605.60","58,655.90",115.36K,-5.52%
15-Nov-21,"63,597.90","65,514.90","66,311.20","63,439.50",53.53K,-2.92%
14-Nov-21,"65,508.20","64,397.20","65,508.20","63,608.30",33.98K,1.72%
13-Nov-21,"64,398.60","64,133.30","64,906.00","63,381.40",30.34K,0.41%
12-Nov-21,"64,134.50","64,782.60","65,449.70","62,309.70",63.27K,-1.04%
11-Nov-21,"64,806.70","64,922.80","65,583.30","64,121.90",50.37K,-0.19%
10-Nov-21,"64,932.60","66,942.60","68,990.60","62,951.30",96.21K,-2.95%
9-Nov-21,"66,904.40","67,528.70","68,493.30","66,334.90",66.13K,-0.92%
8-Nov-21,"67,527.90","63,276.40","67,763.30","63,276.40",81.08K,6.72%
7-Nov-21,"63,273.20","61,483.80","63,273.20","61,347.20",34.34K,2.91%
6-Nov-21,"61,483.90","60,973.20","61,543.20","60,093.60",34.89K,0.84%
5-Nov-21,"60,974.30","61,411.50","62,560.30","60,742.40",44.46K,-0.71%
4-Nov-21,"61,412.60","62,915.40","63,077.60","60,742.90",49.91K,-2.39%
3-Nov-21,"62,918.50","63,223.50","63,508.60","60,883.00",61.05K,-0.48%
2-Nov-21,"63,221.70","60,912.20","64,256.40","60,651.50",65.26K,3.79%
1-Nov-21,"60,915.30","61,310.10","62,430.10","59,612.70",61.21K,-0.64%
31-Oct-21,"61,309.60","61,842.20","62,393.70","60,005.70",50.06K,-0.86%
30-Oct-21,"61,840.10","62,245.00","62,338.50","60,786.00",40.51K,-0.65%
29-Oct-21,"62,242.80","60,579.90","62,952.20","60,322.20",63.39K,2.74%
28-Oct-21,"60,582.50","58,437.20","62,251.30","58,128.10",88.47K,3.67%
27-Oct-21,"58,438.10","60,312.50","61,452.90","58,112.60",88.11K,-3.11%
26-Oct-21,"60,310.80","63,067.50","63,275.10","59,907.30",57.13K,-4.37%
25-Oct-21,"63,067.00","60,864.30","63,694.80","60,655.80",51.06K,3.62%
24-Oct-21,"60,866.50","61,308.20","61,469.90","59,523.70",42.67K,-0.73%
23-Oct-21,"61,312.50","60,693.20","61,728.70","59,738.30",37.05K,1.03%
22-Oct-21,"60,690.30","62,200.80","63,699.70","60,055.70",75.69K,-2.44%
21-Oct-21,"62,210.20","66,004.60","66,616.90","62,092.10",105.38K,-5.71%
20-Oct-21,"65,979.10","64,276.90","66,967.10","63,543.70",79.87K,2.65%
19-Oct-21,"64,278.50","62,030.20","64,454.00","61,451.00",80.16K,3.58%
18-Oct-21,"62,056.30","61,525.80","62,623.60","60,026.90",80.15K,0.86%
17-Oct-21,"61,527.50","60,865.50","61,651.40","59,143.40",53.39K,1.09%
16-Oct-21,"60,861.10","61,669.20","62,329.20","60,161.90",49.93K,-1.32%
15-Oct-21,"61,672.50","57,348.20","62,892.80","56,874.80",121.48K,7.54%
14-Oct-21,"57,345.80","57,370.40","58,506.50","56,866.80",59.84K,-0.06%
13-Oct-21,"57,380.10","56,014.50","57,697.40","54,314.40",73.62K,2.44%
12-Oct-21,"56,015.90","57,480.60","57,635.70","54,155.40",74.85K,-2.54%
11-Oct-21,"57,477.30","54,686.90","57,814.10","54,457.80",73.84K,5.10%
10-Oct-21,"54,687.70","54,942.50","56,432.20","54,100.80",104.43K,-0.46%
9-Oct-21,"54,942.50","53,924.10","55,430.80","53,711.70",64.65K,1.91%
8-Oct-21,"53,914.70","53,785.50","55,977.90","53,659.30",64.05K,0.24%
7-Oct-21,"53,783.90","55,325.20","55,325.60","53,476.40",75.68K,-2.78%
6-Oct-21,"55,323.20","51,470.00","55,676.10","50,439.50",116.26K,7.49%
5-Oct-21,"51,469.30","49,229.50","51,872.40","49,060.10",76.63K,4.55%
4-Oct-21,"49,227.30","48,200.40","49,481.70","46,958.60",66.92K,2.13%
3-Oct-21,"48,200.10","47,665.40","49,165.20","47,123.00",42.41K,1.12%
2-Oct-21,"47,666.90","48,147.20","48,306.90","47,451.70",39.82K,-1.00%
1-Oct-21,"48,146.00","43,824.40","48,435.20","43,292.90",94.66K,9.86%
30-Sep-21,"43,823.30","41,534.50","44,101.20","41,416.70",64.32K,5.50%
29-Sep-21,"41,536.80","41,023.10","42,571.20","40,815.00",48.21K,1.25%
28-Sep-21,"41,022.30","42,169.90","42,758.80","40,906.40",60.01K,-2.73%
27-Sep-21,"42,172.60","43,200.90","44,293.20","42,143.90",54.12K,-2.39%
26-Sep-21,"43,203.40","42,685.80","43,907.30","40,786.60",69.91K,1.21%
25-Sep-21,"42,686.80","42,818.70","42,959.30","41,714.50",46.35K,-0.31%
24-Sep-21,"42,819.90","44,867.40","45,112.00","40,908.50",128.88K,-4.57%
23-Sep-21,"44,869.20","43,550.70","44,949.80","43,090.10",74.54K,3.03%
22-Sep-21,"43,551.60","40,660.80","43,976.70","40,585.70",93.98K,7.13%
21-Sep-21,"40,651.30","43,012.30","43,619.30","39,646.80",142.55K,-5.18%
20-Sep-21,"42,870.60","47,240.80","47,323.90","42,547.10",77.96K,-9.25%
19-Sep-21,"47,238.70","48,299.90","48,341.90","46,866.60",41.98K,-2.21%
18-Sep-21,"48,306.70","47,283.90","48,761.00","47,070.50",43.64K,2.17%
17-Sep-21,"47,282.80","47,748.20","48,155.90","46,788.80",50.16K,-0.97%
16-Sep-21,"47,748.00","48,132.30","48,480.60","47,040.30",60.91K,-0.80%
15-Sep-21,"48,130.60","47,070.80","48,436.50","46,743.90",63.40K,2.24%
14-Sep-21,"47,077.50","44,950.20","47,247.60","44,718.70",65.33K,4.73%
13-Sep-21,"44,949.50","46,060.80","46,807.70","43,463.20",96.15K,-2.42%
12-Sep-21,"46,062.30","45,162.60","46,386.40","44,755.20",44.52K,1.99%
11-Sep-21,"45,161.90","44,844.90","45,975.60","44,766.60",41.58K,0.71%
10-Sep-21,"44,842.80","46,385.90","47,021.60","44,283.60",75.62K,-3.33%
9-Sep-21,"46,385.60","46,057.60","47,305.70","45,609.00",73.63K,0.70%
8-Sep-21,"46,061.40","46,774.10","47,316.90","44,493.70",100.48K,-1.54%
7-Sep-21,"46,779.60","52,674.20","52,885.30","43,072.40",187.56K,-11.19%
6-Sep-21,"52,672.10","51,769.40","52,726.20","51,002.80",69.46K,1.75%
5-Sep-21,"51,768.60","49,918.70","51,878.20","49,492.40",57.30K,3.71%
4-Sep-21,"49,918.40","49,999.30","50,534.60","49,461.40",48.14K,-0.16%
3-Sep-21,"49,999.00","49,269.50","51,008.80","48,377.30",88.08K,1.47%
2-Sep-21,"49,274.30","48,817.80","50,355.30","48,612.90",80.21K,0.93%
1-Sep-21,"48,819.40","47,129.20","49,121.00","46,533.10",74.38K,3.58%
31-Aug-21,"47,130.40","46,989.10","48,217.00","46,709.30",71.48K,0.29%
30-Aug-21,"46,992.70","48,777.10","48,886.00","46,876.90",61.68K,-3.66%
29-Aug-21,"48,777.40","48,899.70","49,621.70","47,870.10",47.62K,-0.24%
28-Aug-21,"48,897.10","49,062.80","49,289.40","48,428.50",36.73K,-0.34%
27-Aug-21,"49,064.30","46,830.20","49,142.00","46,371.50",62.47K,4.77%
26-Aug-21,"46,831.60","48,994.40","49,347.80","46,360.40",73.79K,-4.41%
25-Aug-21,"48,994.50","47,707.40","49,230.20","47,163.30",63.54K,2.68%
24-Aug-21,"47,714.70","49,532.50","49,847.40","47,623.60",74.26K,-3.68%
23-Aug-21,"49,539.70","49,255.40","50,498.80","49,038.60",75.37K,0.58%
22-Aug-21,"49,254.50","48,870.40","49,480.30","48,151.00",49.32K,0.77%
21-Aug-21,"48,875.80","49,330.00","49,719.10","48,293.50",18.20K,-0.91%
20-Aug-21,"49,324.00","46,756.70","49,343.30","46,646.80",83.19K,5.49%
19-Aug-21,"46,755.90","44,725.90","47,012.30","43,986.70",77.92K,4.54%
18-Aug-21,"44,723.80","44,691.10","46,004.90","44,230.00",22.36K,0.07%
17-Aug-21,"44,691.60","45,907.50","47,140.60","44,441.30",84.14K,-2.84%
16-Aug-21,"45,996.30","46,991.60","48,002.40","45,672.10",2.41K,-2.12%
15-Aug-21,"46,991.30","47,082.60","47,344.10","45,564.10",58.11K,-0.19%
14-Aug-21,"47,081.50","47,809.60","48,090.90","46,117.20",64.29K,-1.52%
13-Aug-21,"47,809.10","44,404.00","47,836.00","44,242.40",75.27K,7.67%
12-Aug-21,"44,403.40","45,562.30","46,213.80","43,814.70",81.07K,-2.55%
11-Aug-21,"45,564.30","45,593.20","46,736.50","45,367.90",75.43K,-0.06%
10-Aug-21,"45,593.80","46,281.80","46,663.40","44,681.20",80.55K,-1.49%
9-Aug-21,"46,284.30","43,794.90","46,460.70","42,824.10",117.08K,5.69%
8-Aug-21,"43,792.80","44,584.90","45,284.10","43,314.40",105.25K,-1.84%
7-Aug-21,"44,614.20","42,784.70","44,697.30","42,611.00",112.84K,4.25%
6-Aug-21,"42,795.40","40,868.40","43,253.40","39,905.40",111.93K,4.72%
5-Aug-21,"40,867.20","39,734.40","41,366.30","37,365.40",130.60K,2.84%
4-Aug-21,"39,736.90","38,188.40","39,956.50","37,556.00",79.22K,4.21%
3-Aug-21,"38,130.30","39,167.40","39,766.60","37,688.20",0.26K,-2.65%
2-Aug-21,"39,168.40","39,869.80","40,449.00","38,692.50",74.81K,-1.78%
1-Aug-21,"39,878.30","41,510.00","42,565.00","39,556.50",80.33K,-4.03%
31-Jul-21,"41,553.70","42,201.40","42,285.30","41,066.40",44.65K,-1.54%
30-Jul-21,"42,203.40","40,001.10","42,264.40","38,358.40",98.45K,5.50%
29-Jul-21,"40,001.40","40,009.00","40,630.70","39,340.80",75.30K,0.00%
28-Jul-21,"40,003.20","39,450.40","40,862.20","38,883.80",148.92K,1.40%
27-Jul-21,"39,452.00","37,294.30","39,455.90","36,427.40",100.24K,5.84%
26-Jul-21,"37,276.60","35,392.30","40,522.90","35,236.70",177.63K,5.33%
25-Jul-21,"35,391.10","34,392.50","35,391.10","33,881.30",65.10K,4.63%
24-Jul-21,"33,824.80","33,600.50","33,955.00","33,412.90",67.14K,0.66%
23-Jul-21,"33,603.30","32,297.90","33,605.60","32,041.10",66.15K,4.04%
22-Jul-21,"32,298.90","32,131.70","32,585.40","31,729.40",64.87K,0.52%
21-Jul-21,"32,131.40","29,794.70","32,794.60","29,519.30",118.34K,7.85%
20-Jul-21,"29,793.80","30,835.40","31,040.80","29,310.20",97.46K,-3.38%
19-Jul-21,"30,837.20","31,782.90","31,887.00","30,478.20",77.48K,-2.98%
18-Jul-21,"31,785.40","31,517.90","32,408.20","31,220.60",57.01K,0.85%
17-Jul-21,"31,518.60","31,384.40","31,914.80","31,207.80",58.06K,0.40%
16-Jul-21,"31,394.00","31,842.30","32,239.80","31,062.20",70.48K,-1.40%
15-Jul-21,"31,840.50","32,820.50","33,157.00","31,175.80",76.95K,-2.99%
14-Jul-21,"32,820.70","32,727.80","33,051.90","31,611.20",69.56K,0.28%
13-Jul-21,"32,728.10","33,106.10","33,307.70","32,259.50",60.04K,-1.16%
12-Jul-21,"33,113.00","34,228.30","34,598.00","32,662.80",63.24K,-3.26%
11-Jul-21,"34,227.70","33,510.80","34,580.60","33,319.80",35.72K,2.14%
10-Jul-21,"33,510.60","33,797.70","34,221.00","33,056.80",50.94K,-0.85%
9-Jul-21,"33,797.40","32,866.30","34,079.20","32,367.00",67.14K,2.83%
8-Jul-21,"32,866.30","33,859.40","33,923.20","32,146.90",108.09K,-2.96%
7-Jul-21,"33,867.80","34,228.70","35,036.60","33,801.30",72.03K,-1.05%
6-Jul-21,"34,225.60","33,688.50","35,062.00","33,581.70",83.63K,1.60%
5-Jul-21,"33,687.80","35,297.00","35,300.50","33,164.10",88.36K,-4.56%
4-Jul-21,"35,298.20","34,742.80","35,957.60","34,740.10",56.13K,1.60%
3-Jul-21,"34,742.80","33,814.20","34,909.80","33,363.30",55.69K,2.75%
2-Jul-21,"33,813.40","33,542.20","33,925.90","32,734.60",78.93K,0.80%
1-Jul-21,"33,543.60","35,030.70","35,032.70","32,839.20",27.41K,-4.23%
30-Jun-21,"35,026.90","35,832.60","36,089.50","34,126.60",107.07K,-2.25%
29-Jun-21,"35,834.70","34,477.30","36,590.30","34,247.60",97.27K,3.94%
28-Jun-21,"34,475.90","34,682.20","35,231.20","33,944.90",112.00K,-0.58%
27-Jun-21,"34,678.50","32,247.10","34,685.50","32,041.70",148.80K,7.55%
26-Jun-21,"32,243.40","31,592.10","32,643.00","30,206.90",156.67K,2.06%
25-Jun-21,"31,594.00","34,660.50","35,490.90","31,337.90",193.43K,-8.86%
24-Jun-21,"34,665.80","33,678.10","35,249.90","32,356.70",119.25K,2.94%
23-Jun-21,"33,674.30","32,498.30","34,784.30","31,736.50",173.34K,3.62%
22-Jun-21,"32,496.40","31,682.70","33,272.50","28,901.80",309.65K,2.54%
21-Jun-21,"31,692.00","35,597.90","35,708.40","31,284.10",256.87K,-10.97%
20-Jun-21,"35,595.80","35,510.90","36,097.90","33,378.00",137.48K,0.23%
19-Jun-21,"35,513.40","35,770.00","36,357.30","34,845.50",105.46K,-0.66%
18-Jun-21,"35,749.40","38,045.50","38,166.00","35,198.50",102.84K,-6.05%
17-Jun-21,"38,052.00","38,337.80","39,529.90","37,425.30",109.58K,-0.74%
16-Jun-21,"38,336.00","40,148.10","40,494.40","38,156.40",123.52K,-4.53%
15-Jun-21,"40,156.10","40,522.50","41,318.00","39,589.90",117.55K,-0.92%
14-Jun-21,"40,529.40","39,024.10","40,970.40","38,769.90",157.35K,3.86%
13-Jun-21,"39,022.90","35,467.50","39,321.60","34,827.00",123.32K,10.02%
12-Jun-21,"35,467.50","37,334.40","37,437.30","34,703.30",87.73K,-4.95%
11-Jun-21,"37,314.60","36,654.30","37,641.10","36,003.30",109.15K,1.81%
10-Jun-21,"36,649.40","37,375.20","38,340.80","35,824.00",154.32K,-1.83%
9-Jun-21,"37,332.20","33,385.50","37,517.60","32,428.60",209.82K,11.83%
8-Jun-21,"33,382.90","33,574.60","34,047.80","31,158.10",193.54K,-0.58%
7-Jun-21,"33,578.00","35,815.40","36,754.60","33,410.10",119.50K,-6.25%
6-Jun-21,"35,815.40","35,518.70","36,434.00","35,265.30",62.20K,0.83%
5-Jun-21,"35,520.00","36,841.20","37,887.60","34,832.00",101.48K,-3.61%
4-Jun-21,"36,851.30","39,191.40","39,255.40","35,659.90",127.71K,-5.96%
3-Jun-21,"39,187.30","37,555.70","39,462.30","37,193.60",106.44K,4.34%
2-Jun-21,"37,555.80","36,687.70","38,199.90","35,981.10",96.89K,2.37%
1-Jun-21,"36,687.60","37,294.30","37,850.30","35,742.70",113.48K,-1.64%
31-May-21,"37,298.60","35,644.00","37,480.70","34,213.20",131.70K,4.62%
30-May-21,"35,652.80","34,589.30","36,388.60","33,441.00",104.18K,3.09%
29-May-21,"34,584.60","35,664.50","37,227.10","33,664.20",160.43K,-3.02%
28-May-21,"35,662.50","38,543.20","38,844.10","34,772.40",199.58K,-7.17%
27-May-21,"38,417.30","39,249.00","40,322.20","37,190.80",122.93K,-2.12%
26-May-21,"39,249.20","38,375.70","40,750.00","37,847.00",153.80K,2.27%
25-May-21,"38,378.30","38,753.60","39,740.80","36,540.70",163.01K,-0.96%
24-May-21,"38,750.60","34,720.30","39,851.70","34,474.60",244.88K,11.74%
23-May-21,"34,679.70","37,446.80","38,248.70","31,192.40",325.73K,-7.39%
22-May-21,"37,448.30","37,291.00","38,776.00","35,314.90",185.83K,0.40%
21-May-21,"37,297.40","40,611.20","42,108.30","33,592.30",315.50K,-8.40%
20-May-21,"40,717.20","36,706.80","42,425.90","35,010.40",269.75K,10.88%
19-May-21,"36,720.50","42,898.30","43,516.60","30,261.70",607.10K,-14.40%
18-May-21,"42,897.30","43,538.50","45,770.90","42,293.90",154.96K,-1.48%
17-May-21,"43,541.30","46,424.20","46,545.40","42,201.50",274.76K,-6.21%
16-May-21,"46,426.40","46,729.30","49,764.30","43,920.80",180.07K,-0.60%
15-May-21,"46,708.80","49,839.10","50,640.90","46,650.20",131.91K,-6.28%
14-May-21,"49,839.80","49,704.90","51,459.20","48,874.00",118.84K,0.27%
13-May-21,"49,704.60","49,398.20","51,337.30","46,331.10",236.71K,0.65%
12-May-21,"49,384.20","56,694.50","57,938.50","49,187.00",160.74K,-12.90%
11-May-21,"56,695.70","55,846.10","56,871.10","54,550.40",96.47K,1.52%
10-May-21,"55,848.90","58,251.20","59,523.90","53,678.30",142.61K,-4.10%
9-May-21,"58,238.30","58,840.60","59,227.00","56,414.40",103.59K,-1.02%
8-May-21,"58,840.10","57,330.30","59,471.10","56,972.20",101.27K,2.62%
7-May-21,"57,337.20","56,411.40","58,639.30","55,300.10",110.01K,1.65%
6-May-21,"56,405.40","57,441.00","58,364.90","55,294.50",109.02K,-1.80%
5-May-21,"57,441.30","53,872.50","57,936.40","53,872.50",119.82K,6.88%
4-May-21,"53,741.50","57,170.60","57,201.30","53,741.50",132.33K,-6.00%
3-May-21,"57,169.80","56,605.80","58,925.10","56,562.40",89.24K,1.00%
2-May-21,"56,603.80","57,807.20","57,868.40","56,110.50",53.61K,-2.08%
1-May-21,"57,807.10","57,719.10","58,449.40","57,029.50",63.41K,0.15%
30-Apr-21,"57,720.30","53,562.30","57,925.60","53,088.70",103.74K,7.77%
29-Apr-21,"53,560.80","54,838.60","55,173.70","52,400.00",83.90K,-2.34%
28-Apr-21,"54,841.40","55,036.00","56,419.90","53,876.40",86.96K,-0.35%
27-Apr-21,"55,036.50","54,011.10","55,427.80","53,345.00",84.08K,1.88%
26-Apr-21,"54,020.50","48,963.50","54,320.90","48,815.90",129.76K,10.33%
25-Apr-21,"48,963.60","50,088.20","50,532.40","47,098.50",59.20K,-2.25%
24-Apr-21,"50,088.90","51,140.80","51,183.00","48,775.20",82.25K,-2.06%
23-Apr-21,"51,143.60","51,707.10","52,099.90","47,659.40",214.46K,-1.13%
22-Apr-21,"51,729.50","53,821.30","55,408.40","50,590.90",168.13K,-3.88%
21-Apr-21,"53,820.20","56,479.50","56,764.40","53,657.60",100.26K,-4.71%
20-Apr-21,"56,483.20","55,645.10","57,054.90","53,422.50",115.49K,1.50%
19-Apr-21,"55,646.10","56,208.10","57,517.00","54,272.30",117.51K,-1.00%
18-Apr-21,"56,207.10","60,043.20","60,362.10","51,817.60",216.81K,-6.39%
17-Apr-21,"60,041.90","61,358.30","62,509.10","59,672.10",84.08K,-2.18%
16-Apr-21,"61,379.70","63,211.60","63,518.50","60,027.30",136.85K,-2.90%
15-Apr-21,"63,216.00","62,978.60","63,729.10","62,067.50",76.97K,0.37%
14-Apr-21,"62,980.40","63,544.20","64,778.00","61,366.30",130.43K,-0.88%
13-Apr-21,"63,540.90","59,863.60","63,659.00","59,839.40",126.56K,6.14%
12-Apr-21,"59,863.80","59,982.10","61,259.90","59,569.20",81.88K,-0.19%
11-Apr-21,"59,978.70","59,772.40","60,667.10","59,250.30",58.20K,0.39%
10-Apr-21,"59,748.40","58,127.40","61,229.00","57,900.00",103.72K,2.80%
9-Apr-21,"58,118.70","58,076.80","58,890.90","57,686.00",59.22K,0.07%
8-Apr-21,"58,077.40","55,948.00","58,136.70","55,721.60",64.78K,3.80%
7-Apr-21,"55,948.70","57,996.30","58,627.70","55,489.30",110.69K,-3.53%
6-Apr-21,"57,996.30","59,169.00","59,487.00","57,403.30",77.15K,-1.69%
5-Apr-21,"58,993.40","58,202.30","59,205.10","56,842.70",54.13K,1.36%
4-Apr-21,"58,199.90","57,059.70","58,464.80","56,470.60",57.21K,2.00%
3-Apr-21,"57,059.90","58,976.80","59,770.50","56,906.70",68.74K,-3.25%
2-Apr-21,"58,977.30","58,718.20","60,134.90","58,466.50",72.37K,0.44%
1-Apr-21,"58,718.30","58,763.20","59,406.50","58,040.70",69.04K,-0.08%
31-Mar-21,"58,763.70","58,771.40","59,795.60","56,991.60",98.06K,-0.01%
30-Mar-21,"58,771.30","57,614.60","59,366.90","57,077.10",86.21K,2.00%
29-Mar-21,"57,616.20","55,764.70","58,392.60","54,951.10",107.91K,3.32%
28-Mar-21,"55,765.20","55,856.90","56,504.20","54,711.30",58.71K,-0.17%
27-Mar-21,"55,862.90","55,033.80","56,531.10","54,010.20",73.87K,1.50%
26-Mar-21,"55,036.10","51,317.40","55,074.10","51,302.00",100.30K,7.24%
25-Mar-21,"51,322.30","52,330.00","53,175.40","50,441.30",143.35K,-1.92%
24-Mar-21,"52,325.40","54,309.10","57,169.40","51,725.40",137.91K,-3.91%
23-Mar-21,"54,452.50","54,117.50","55,813.80","52,992.30",84.84K,0.54%
22-Mar-21,"54,158.30","57,379.30","58,379.90","53,784.20",95.53K,-5.62%
21-Mar-21,"57,383.80","58,097.40","58,583.80","55,583.30",77.47K,-1.22%
20-Mar-21,"58,093.40","58,084.10","59,882.10","57,863.00",67.83K,0.01%
19-Mar-21,"58,088.00","57,645.00","59,448.30","56,305.10",83.98K,0.75%
18-Mar-21,"57,656.00","58,911.80","60,088.00","57,099.60",102.62K,-2.13%
17-Mar-21,"58,913.50","56,892.90","58,933.20","54,253.20",118.26K,3.56%
16-Mar-21,"56,889.70","55,619.50","56,889.70","53,342.60",128.51K,1.97%
15-Mar-21,"55,791.30","59,117.40","60,565.90","55,088.80",117.71K,-5.62%
14-Mar-21,"59,113.70","61,192.70","61,673.70","59,113.70",80.29K,-3.40%
13-Mar-21,"61,195.30","57,267.40","61,795.80","56,118.80",134.64K,6.86%
12-Mar-21,"57,265.10","57,806.20","58,052.30","55,134.50",116.96K,-0.92%
11-Mar-21,"57,799.50","55,851.20","58,135.00","54,351.80",129.63K,3.49%
10-Mar-21,"55,851.90","54,882.70","57,328.70","53,073.60",140.96K,1.77%
9-Mar-21,"54,879.00","52,352.40","54,880.60","51,941.30",114.06K,4.91%
8-Mar-21,"52,311.00","50,988.90","52,384.90","49,338.10",68.14K,2.61%
7-Mar-21,"50,982.30","48,899.00","51,434.10","48,890.60",82.91K,4.35%
6-Mar-21,"48,855.60","48,798.70","49,191.80","47,132.80",66.66K,0.13%
5-Mar-21,"48,792.50","48,363.60","49,429.40","46,370.10",113.64K,0.75%
4-Mar-21,"48,428.00","50,388.00","51,757.70","47,521.80",9.56K,-3.90%
3-Mar-21,"50,395.10","48,422.20","52,567.90","48,159.20",44.93K,4.07%
2-Mar-21,"48,424.20","49,595.60","50,191.90","47,100.60",102.10K,-2.36%
1-Mar-21,"49,595.50","45,160.50","49,774.00","45,008.80",137.52K,9.81%
28-Feb-21,"45,164.00","46,136.00","46,582.00","43,100.60",135.08K,-2.11%
27-Feb-21,"46,136.70","46,333.10","48,335.10","45,059.40",98.75K,-0.45%
26-Feb-21,"46,345.60","46,928.50","48,413.90","44,248.20",189.41K,-1.24%
25-Feb-21,"46,928.50","49,695.90","52,013.80","46,773.70",83.22K,-5.57%
24-Feb-21,"49,697.50","48,911.10","51,311.80","47,031.70",153.75K,1.61%
23-Feb-21,"48,911.20","54,114.10","54,115.00","45,093.80",315.07K,-9.61%
22-Feb-21,"54,111.80","57,437.60","57,480.80","48,353.80",244.95K,-5.78%
21-Feb-21,"57,433.80","55,907.60","58,335.10","55,502.70",87.26K,2.70%
20-Feb-21,"55,923.70","55,922.00","57,523.80","54,124.10",127.85K,0.03%
19-Feb-21,"55,906.60","51,590.10","56,238.50","50,816.80",139.43K,8.38%
18-Feb-21,"51,582.20","52,094.50","52,524.00","50,941.60",94.35K,-0.95%
17-Feb-21,"52,079.20","49,161.30","52,577.70","49,018.10",140.03K,5.92%
16-Feb-21,"49,169.70","47,934.20","50,515.80","47,044.40",141.37K,2.57%
15-Feb-21,"47,936.30","48,611.10","48,936.50","45,786.10",123.18K,-1.45%
14-Feb-21,"48,643.40","47,172.10","49,695.10","47,051.90",106.50K,3.13%
13-Feb-21,"47,168.70","47,373.10","48,097.30","46,270.50",89.42K,-0.43%
12-Feb-21,"47,371.70","47,995.00","48,927.40","46,218.60",133.73K,-1.29%
11-Feb-21,"47,990.70","44,834.80","48,622.10","44,041.10",145.77K,7.04%
10-Feb-21,"44,836.00","46,507.80","47,295.30","43,800.50",151.83K,-3.60%
9-Feb-21,"46,508.60","46,396.40","48,143.50","45,104.70",193.87K,0.24%
8-Feb-21,"46,395.70","38,853.60","46,596.40","38,057.00",248.47K,19.41%
7-Feb-21,"38,852.90","39,228.90","39,691.70","37,381.60",125.37K,-1.03%
6-Feb-21,"39,256.60","38,300.60","40,939.70","38,275.30",156.02K,2.50%
5-Feb-21,"38,297.60","36,976.40","38,303.60","36,640.00",100.60K,3.56%
4-Feb-21,"36,982.10","37,648.90","38,707.90","36,380.80",151.44K,-1.77%
3-Feb-21,"37,646.80","35,486.90","37,646.80","35,401.50",131.03K,6.09%
2-Feb-21,"35,485.20","33,514.00","35,976.10","33,462.40",120.85K,5.88%
1-Feb-21,"33,515.70","33,106.80","34,685.60","32,324.90",126.32K,1.23%
31-Jan-21,"33,108.10","34,281.60","34,348.30","32,189.90",101.92K,-3.43%
30-Jan-21,"34,283.10","34,300.00","34,920.90","32,908.50",128.57K,-0.05%
29-Jan-21,"34,301.80","33,381.70","38,546.00","31,953.30",297.73K,2.78%
28-Jan-21,"33,374.80","30,408.90","33,790.80","29,911.90",167.39K,9.77%
27-Jan-21,"30,404.00","32,499.60","32,545.40","29,290.40",194.35K,-6.46%
26-Jan-21,"32,502.10","32,244.10","32,917.70","30,850.00",139.84K,0.77%
25-Jan-21,"32,252.30","32,244.30","34,854.30","31,967.40",142.43K,0.03%
24-Jan-21,"32,241.30","32,088.50","33,034.80","30,982.90",88.21K,0.47%
23-Jan-21,"32,088.90","32,994.10","33,441.40","31,418.20",100.70K,-2.76%
22-Jan-21,"33,000.50","30,838.70","33,821.20","28,871.20",243.09K,7.00%
21-Jan-21,"30,842.10","35,472.30","35,591.10","30,101.80",253.27K,-13.06%
20-Jan-21,"35,476.30","35,862.10","36,384.40","33,444.50",153.61K,-1.46%
19-Jan-21,"36,002.90","36,630.60","37,821.00","36,001.40",79.11K,-1.67%
18-Jan-21,"36,613.20","35,838.20","37,436.80","34,801.00",111.52K,2.16%
17-Jan-21,"35,839.60","36,020.10","36,801.30","33,883.50",126.82K,-0.50%
16-Jan-21,"36,019.50","36,751.80","37,931.70","35,408.40",137.02K,-2.24%
15-Jan-21,"36,845.80","39,175.70","39,715.00","34,488.70",118.42K,-5.95%
14-Jan-21,"39,175.70","37,383.40","40,054.30","36,772.10",172.40K,4.80%
13-Jan-21,"37,382.20","34,061.20","37,764.60","32,451.90",209.93K,9.70%
12-Jan-21,"34,076.10","35,426.00","36,598.70","32,572.70",241.93K,-4.13%
11-Jan-21,"35,544.30","38,195.30","38,217.20","30,411.60",251.04K,-6.93%
10-Jan-21,"38,192.20","40,149.70","41,362.40","35,141.60",215.78K,-4.88%
9-Jan-21,"40,151.90","40,607.20","41,363.50","38,775.10",128.42K,-1.10%
8-Jan-21,"40,599.30","39,466.40","41,921.70","36,613.40",251.29K,2.89%
7-Jan-21,"39,460.20","36,798.50","40,340.90","36,361.20",249.60K,7.25%
6-Jan-21,"36,793.20","33,999.30","36,934.80","33,408.30",227.56K,8.24%
5-Jan-21,"33,991.50","32,015.40","34,414.70","30,010.50",202.13K,6.15%
4-Jan-21,"32,022.60","33,016.60","33,587.50","28,204.50",255.27K,-2.84%
3-Jan-21,"32,958.90","32,192.90","34,755.90","32,029.60",155.21K,2.38%
2-Jan-21,"32,193.30","29,359.70","33,233.50","29,008.00",240.87K,9.65%
1-Jan-21,"29,359.90","28,951.70","29,627.10","28,712.40",100.90K,1.42%
31-Dec-20,"28,949.40","28,866.80","29,298.80","28,025.00",136.69K,0.28%
30-Dec-20,"28,868.70","27,374.50","28,979.30","27,374.50",159.82K,5.45%
29-Dec-20,"27,376.00","27,065.30","27,390.70","25,902.80",119.57K,1.18%
28-Dec-20,"27,057.80","26,259.20","27,444.90","26,144.30",126.98K,3.03%
27-Dec-20,"26,261.30","26,460.30","28,360.30","25,858.20",231.23K,-0.73%
26-Dec-20,"26,454.40","24,714.70","26,826.00","24,515.10",155.77K,7.15%
25-Dec-20,"24,689.60","23,728.70","24,778.90","23,445.30",2.40K,4.02%
24-Dec-20,"23,736.50","23,253.20","23,783.70","22,737.30",104.59K,2.06%
23-Dec-20,"23,257.90","23,820.80","24,063.70","22,694.70",178.47K,-2.37%
22-Dec-20,"23,823.20","22,730.40","23,825.40","22,388.60",130.75K,4.82%
21-Dec-20,"22,728.50","23,474.10","24,101.90","22,015.50",154.69K,-3.18%
20-Dec-20,"23,474.90","23,843.60","24,280.90","23,098.90",114.09K,-1.55%
19-Dec-20,"23,844.00","23,127.60","24,107.10","22,797.00",133.88K,3.10%
18-Dec-20,"23,127.90","22,823.30","23,272.80","22,361.50",131.80K,1.33%
17-Dec-20,"22,825.40","21,352.30","23,738.00","21,243.10",310.74K,6.90%
16-Dec-20,"21,352.20","19,434.70","21,525.30","19,299.70",199.81K,9.87%
15-Dec-20,"19,434.90","19,273.90","19,556.30","19,076.20",98.39K,0.84%
14-Dec-20,"19,273.80","19,176.40","19,346.50","19,007.00",67.11K,0.51%
13-Dec-20,"19,176.80","18,808.10","19,403.60","18,716.80",82.45K,1.96%
12-Dec-20,"18,808.90","18,026.70","18,936.20","18,025.10",71.37K,4.36%
11-Dec-20,"18,023.60","18,250.50","18,288.30","17,600.10",111.53K,-1.23%
10-Dec-20,"18,247.20","18,546.10","18,551.80","17,926.80",85.31K,-1.61%
9-Dec-20,"18,546.00","18,322.40","18,637.90","17,658.80",129.72K,1.20%
8-Dec-20,"18,326.60","19,170.80","19,288.60","18,229.20",101.41K,-4.40%
7-Dec-20,"19,170.70","19,368.40","19,424.60","18,908.80",61.98K,-1.08%
6-Dec-20,"19,379.90","19,146.00","19,417.10","18,873.00",54.56K,1.22%
5-Dec-20,"19,146.50","18,657.50","19,172.70","18,507.10",59.44K,2.62%
4-Dec-20,"18,658.10","19,431.10","19,529.50","18,610.80",110.63K,-3.99%
3-Dec-20,"19,433.30","19,219.80","19,596.60","18,883.70",99.97K,1.12%
2-Dec-20,"19,218.80","18,767.90","19,335.50","18,346.70",91.92K,2.39%
1-Dec-20,"18,770.70","19,697.80","19,897.40","18,257.00",208.72K,-4.71%
30-Nov-20,"19,698.10","18,186.00","19,831.20","18,186.00",185.59K,8.32%
29-Nov-20,"18,185.50","17,729.70","18,336.30","17,530.40",79.12K,2.57%
28-Nov-20,"17,730.70","17,142.60","17,874.40","16,874.40",95.20K,3.52%
27-Nov-20,"17,127.10","17,160.90","17,450.30","16,481.60",138.80K,-0.20%
26-Nov-20,"17,162.00","18,721.90","18,894.90","16,235.20",312.07K,-8.34%
25-Nov-20,"18,723.00","19,151.50","19,486.70","18,527.70",146.12K,-2.24%
24-Nov-20,"19,152.60","18,394.60","19,416.60","18,074.80",180.79K,4.21%
23-Nov-20,"18,379.60","18,428.10","18,756.80","18,016.00",127.35K,-0.18%
22-Nov-20,"18,412.90","18,689.30","18,751.50","17,644.60",121.76K,-1.47%
21-Nov-20,"18,687.20","18,673.80","18,966.00","18,397.50",108.91K,0.06%
20-Nov-20,"18,675.20","17,805.50","18,811.00","17,758.40",134.42K,4.90%
19-Nov-20,"17,803.50","17,775.10","18,166.00","17,380.10",135.94K,0.16%
18-Nov-20,"17,774.60","17,662.30","18,466.10","17,258.90",233.43K,0.64%
17-Nov-20,"17,662.30","16,715.80","17,845.40","16,562.00",175.87K,5.66%
16-Nov-20,"16,715.80","15,954.10","16,880.70","15,870.70",118.09K,4.78%
15-Nov-20,"15,953.00","16,074.70","16,158.10","15,782.30",58.43K,-0.73%
14-Nov-20,"16,071.00","16,323.10","16,328.20","15,717.70",83.64K,-1.55%
13-Nov-20,"16,324.20","16,293.00","16,474.10","15,973.40",113.75K,0.18%
12-Nov-20,"16,294.70","15,695.80","16,342.70","15,483.50",165.54K,3.82%
11-Nov-20,"15,695.80","15,303.10","15,953.90","15,281.00",119.07K,2.56%
10-Nov-20,"15,303.60","15,328.00","15,465.30","15,096.50",93.36K,-0.15%
9-Nov-20,"15,327.20","15,483.30","15,819.60","14,816.90",165.04K,-1.01%
8-Nov-20,"15,483.70","14,826.60","15,648.30","14,720.70",94.99K,4.42%
7-Nov-20,"14,828.40","15,578.20","15,754.40","14,385.10",160.73K,-4.81%
6-Nov-20,"15,577.90","15,593.90","15,955.20","15,223.50",186.13K,-0.06%
5-Nov-20,"15,587.10","14,145.60","15,739.90","14,099.70",227.49K,10.19%
4-Nov-20,"14,145.60","14,023.00","14,238.80","13,544.40",140.80K,0.90%
3-Nov-20,"14,019.90","13,560.50","14,054.00","13,294.60",108.17K,3.38%
2-Nov-20,"13,561.40","13,759.70","13,828.40","13,214.20",97.76K,-1.44%
1-Nov-20,"13,759.40","13,795.50","13,889.50","13,628.70",51.71K,-0.27%
31-Oct-20,"13,797.30","13,560.20","14,065.40","13,441.70",102.75K,1.75%
30-Oct-20,"13,559.90","13,457.00","13,667.90","13,134.50",108.77K,0.76%
29-Oct-20,"13,457.20","13,278.30","13,640.00","12,982.90",111.23K,1.34%
28-Oct-20,"13,278.90","13,658.30","13,851.70","12,907.60",144.18K,-2.77%
27-Oct-20,"13,657.80","13,061.50","13,782.30","13,050.30",128.64K,4.56%
26-Oct-20,"13,061.60","13,033.00","13,229.70","12,792.40",89.47K,0.23%
25-Oct-20,"13,032.20","13,117.00","13,345.30","12,900.40",59.73K,-0.65%
24-Oct-20,"13,117.20","12,933.60","13,161.50","12,876.40",51.20K,1.42%
23-Oct-20,"12,934.10","12,972.70","13,025.50","12,738.90",73.94K,-0.31%
22-Oct-20,"12,974.60","12,805.50","13,183.90","12,698.20",113.31K,1.30%
21-Oct-20,"12,808.70","11,913.60","13,213.50","11,894.60",197.72K,7.51%
20-Oct-20,"11,913.50","11,753.90","12,029.40","11,685.70",94.59K,1.36%
19-Oct-20,"11,753.40","11,507.10","11,823.30","11,413.90",73.04K,2.14%
18-Oct-20,"11,506.90","11,362.10","11,506.90","11,349.80",31.51K,1.27%
17-Oct-20,"11,362.10","11,321.80","11,402.70","11,274.40",29.86K,0.35%
16-Oct-20,"11,322.00","11,503.20","11,542.20","11,224.60",71.42K,-1.57%
15-Oct-20,"11,503.00","11,421.40","11,590.90","11,276.70",70.84K,0.72%
14-Oct-20,"11,420.40","11,424.40","11,541.00","11,293.50",59.12K,-0.03%
13-Oct-20,"11,423.80","11,533.50","11,558.00","11,315.90",64.67K,-0.95%
12-Oct-20,"11,533.90","11,370.80","11,715.90","11,227.40",84.02K,1.43%
11-Oct-20,"11,371.00","11,295.60","11,439.40","11,277.60",41.06K,0.64%
10-Oct-20,"11,298.40","11,053.50","11,475.00","11,053.10",65.81K,2.21%
9-Oct-20,"11,054.20","10,923.50","11,103.00","10,836.90",70.95K,1.19%
8-Oct-20,"10,924.10","10,670.70","10,948.60","10,549.60",79.78K,2.37%
7-Oct-20,"10,670.90","10,601.00","10,680.10","10,553.30",49.27K,0.64%
6-Oct-20,"10,602.60","10,790.20","10,800.30","10,530.80",69.07K,-1.73%
5-Oct-20,"10,789.50","10,672.50","10,789.60","10,623.40",48.86K,1.09%
4-Oct-20,"10,672.90","10,544.40","10,693.30","10,520.80",31.40K,1.22%
3-Oct-20,"10,544.20","10,572.20","10,597.80","10,501.20",29.10K,-0.27%
2-Oct-20,"10,572.30","10,619.60","10,662.90","10,387.60",77.94K,-0.45%
1-Oct-20,"10,620.50","10,776.60","10,913.70","10,462.70",95.33K,-1.44%
30-Sep-20,"10,776.10","10,843.40","10,847.70","10,667.60",55.55K,-0.60%
29-Sep-20,"10,840.90","10,694.30","10,858.40","10,642.40",59.64K,1.38%
28-Sep-20,"10,693.20","10,776.40","10,946.60","10,685.20",72.29K,-0.77%
27-Sep-20,"10,776.20","10,727.90","10,799.20","10,602.70",40.92K,0.45%
26-Sep-20,"10,727.90","10,688.90","10,793.30","10,650.20",37.85K,0.37%
25-Sep-20,"10,688.80","10,739.90","10,756.00","10,558.90",71.43K,-0.47%
24-Sep-20,"10,739.40","10,238.10","10,787.80","10,201.00",82.95K,4.90%
23-Sep-20,"10,237.30","10,531.50","10,535.40","10,146.60",74.95K,-2.79%
22-Sep-20,"10,531.50","10,419.40","10,570.70","10,361.70",63.52K,1.10%
21-Sep-20,"10,416.80","10,919.90","10,987.20","10,328.50",109.85K,-4.62%
20-Sep-20,"10,921.50","11,081.60","11,081.60","10,772.70",53.39K,-1.45%
19-Sep-20,"11,081.80","10,933.00","11,177.10","10,890.70",51.63K,1.36%
18-Sep-20,"10,933.00","10,941.30","11,029.70","10,818.70",63.48K,-0.08%
17-Sep-20,"10,941.30","10,950.10","11,039.30","10,755.20",77.22K,-0.07%
16-Sep-20,"10,949.50","10,785.20","11,093.30","10,669.20",94.94K,1.52%
15-Sep-20,"10,785.30","10,675.20","10,931.80","10,627.80",91.70K,1.03%
14-Sep-20,"10,675.30","10,332.70","10,744.30","10,264.50",96.64K,3.38%
13-Sep-20,"10,326.00","10,441.70","10,579.60","10,219.40",66.12K,-1.11%
12-Sep-20,"10,441.90","10,390.20","10,476.80","10,275.90",48.49K,0.50%
11-Sep-20,"10,390.20","10,339.80","10,398.80","10,212.60",62.28K,0.49%
10-Sep-20,"10,339.70","10,224.30","10,480.30","10,219.20",88.01K,1.13%
9-Sep-20,"10,224.60","10,126.80","10,343.30","9,984.60",71.37K,0.97%
8-Sep-20,"10,126.60","10,376.90","10,434.40","9,877.10",113.90K,-2.41%
7-Sep-20,"10,376.90","10,296.40","10,400.90","9,887.00",12.40M,0.78%
6-Sep-20,"10,296.40","10,092.20","10,337.70","10,004.70",12.12M,2.02%
5-Sep-20,"10,092.20","10,472.30","10,558.70","9,897.80",14.72M,-3.63%
4-Sep-20,"10,472.50","10,168.70","10,614.20","9,960.30",12.50M,2.99%
3-Sep-20,"10,168.80","11,413.20","11,442.70","10,009.50",9.65M,-10.90%
2-Sep-20,"11,413.30","11,914.40","11,947.50","11,244.90",20.26M,-4.21%
1-Sep-20,"11,914.90","11,644.20","12,045.90","11,544.60",580.69K,2.32%
31-Aug-20,"11,644.20","11,701.10","11,760.20","11,563.80",496.14K,-0.49%
30-Aug-20,"11,702.00","11,468.10","11,704.20","11,462.60",409.36K,2.04%
29-Aug-20,"11,468.10","11,527.80","11,576.80","11,433.50",389.85K,-0.51%
28-Aug-20,"11,527.40","11,327.50","11,539.00","11,281.90",464.94K,1.77%
27-Aug-20,"11,327.40","11,462.30","11,580.30","11,135.30",560.59K,-1.18%
26-Aug-20,"11,462.30","11,324.90","11,533.60","11,254.60",513.06K,1.21%
25-Aug-20,"11,324.80","11,752.90","11,766.90","11,131.00",594.07K,-3.65%
24-Aug-20,"11,753.50","11,641.60","11,824.60","11,587.10",429.13K,0.96%
23-Aug-20,"11,641.60","11,661.10","11,705.40","11,520.80",377.33K,-0.17%
22-Aug-20,"11,661.30","11,529.20","11,677.00","11,382.10",433.98K,1.15%
21-Aug-20,"11,529.20","11,856.90","11,877.40","11,495.60",506.38K,-2.76%
20-Aug-20,"11,856.90","11,751.00","11,881.00","11,672.70",430.93K,0.91%
19-Aug-20,"11,750.20","11,944.40","12,013.20","11,602.60",550.26K,-1.65%
18-Aug-20,"11,947.60","12,283.00","12,381.40","11,842.00",606.79K,-2.73%
17-Aug-20,"12,282.60","11,898.80","12,444.10","11,764.00",628.41K,3.22%
16-Aug-20,"11,899.00","11,845.50","11,922.50","11,688.90",410.81K,0.45%
15-Aug-20,"11,845.30","11,751.10","11,964.00","11,711.50",499.10K,0.80%
14-Aug-20,"11,750.80","11,771.10","11,835.50","11,651.50",435.44K,-0.17%
13-Aug-20,"11,770.90","11,557.20","11,772.90","11,298.40",545.67K,1.85%
12-Aug-20,"11,557.20","11,390.40","11,605.40","11,190.60",549.59K,1.46%
11-Aug-20,"11,390.40","11,889.20","11,931.80","11,146.70",615.90K,-4.19%
10-Aug-20,"11,889.20","11,681.10","12,041.10","11,546.90",564.11K,1.78%
9-Aug-20,"11,681.20","11,764.40","11,792.80","11,527.50",303.00K,-0.71%
8-Aug-20,"11,764.30","11,591.60","11,805.50","11,533.50",317.06K,1.49%
7-Aug-20,"11,592.00","11,757.10","11,901.80","11,352.40",517.00K,-1.40%
6-Aug-20,"11,757.10","11,735.00","11,898.40","11,563.00",554.85K,0.19%
5-Aug-20,"11,735.10","11,184.80","11,771.50","11,114.50",570.83K,4.92%
4-Aug-20,"11,184.70","11,223.80","11,407.80","11,043.00",485.79K,-0.35%
3-Aug-20,"11,224.40","11,066.90","11,461.10","10,981.60",470.24K,1.42%
2-Aug-20,"11,066.80","11,802.60","12,061.10","10,730.70",647.95K,-6.24%
1-Aug-20,"11,803.10","11,333.20","11,847.70","11,226.10",611.47K,4.14%
31-Jul-20,"11,333.40","11,096.50","11,434.80","10,964.60",530.95K,2.14%
30-Jul-20,"11,096.20","11,105.80","11,164.40","10,861.60",501.14K,-0.09%
29-Jul-20,"11,105.90","10,908.40","11,336.50","10,771.80",576.83K,1.81%
28-Jul-20,"10,908.50","10,961.10","11,046.10","10,873.60",658.37K,-1.04%
27-Jul-20,"11,022.80","9,932.70","11,367.00","9,894.60",908.99K,10.98%
26-Jul-20,"9,932.50","9,690.00","10,086.60","9,645.90",415.07K,2.35%
25-Jul-20,"9,704.10","9,546.70","9,729.30","9,536.20",306.29K,1.65%
24-Jul-20,"9,546.40","9,599.20","9,626.20","9,480.50",359.16K,-0.55%
23-Jul-20,"9,599.60","9,513.60","9,646.50","9,451.10",425.66K,0.90%
22-Jul-20,"9,513.70","9,387.40","9,523.10","9,296.00",386.00K,1.35%
21-Jul-20,"9,387.30","9,162.30","9,426.90","9,155.10",458.99K,2.46%
20-Jul-20,"9,162.40","9,208.10","9,218.40","9,139.90",312.98K,-0.50%
19-Jul-20,"9,208.00","9,170.10","9,224.80","9,106.40",265.25K,0.41%
18-Jul-20,"9,170.20","9,155.80","9,198.80","9,126.70",276.40K,0.16%
17-Jul-20,"9,155.80","9,135.40","9,181.90","9,091.50",310.92K,0.22%
16-Jul-20,"9,135.30","9,198.70","9,224.20","9,052.00",429.04K,-0.69%
15-Jul-20,"9,198.70","9,253.60","9,270.20","9,168.70",429.84K,-0.59%
14-Jul-20,"9,253.40","9,243.10","9,274.80","9,135.70",453.83K,0.11%
13-Jul-20,"9,243.60","9,300.50","9,329.60","9,207.60",456.87K,-0.62%
12-Jul-20,"9,300.80","9,234.20","9,337.80","9,170.40",366.88K,0.73%
11-Jul-20,"9,233.30","9,285.80","9,295.50","9,184.20",353.92K,-0.56%
10-Jul-20,"9,285.10","9,239.00","9,309.80","9,131.90",418.47K,0.53%
9-Jul-20,"9,235.70","9,430.10","9,434.50","9,176.00",444.27K,-2.06%
8-Jul-20,"9,429.90","9,256.30","9,458.30","9,233.10",509.94K,1.88%
7-Jul-20,"9,256.00","9,338.80","9,371.20","9,209.30",420.55K,-0.89%
6-Jul-20,"9,339.00","9,080.40","9,363.00","9,063.20",510.27K,2.84%
5-Jul-20,"9,081.00","9,134.30","9,149.60","8,932.10",314.10K,-0.58%
4-Jul-20,"9,134.40","9,067.10","9,182.30","9,049.60",261.25K,0.74%
3-Jul-20,"9,067.10","9,085.00","9,120.40","9,050.90",333.88K,-0.20%
2-Jul-20,"9,085.10","9,229.90","9,259.70","8,962.10",483.10K,-1.57%
1-Jul-20,"9,229.90","9,135.90","9,289.00","9,101.10",366.78K,1.03%
30-Jun-20,"9,135.40","9,186.00","9,199.80","9,075.30",381.73K,-0.54%
29-Jun-20,"9,185.40","9,122.80","9,229.10","9,033.60",401.12K,0.67%
28-Jun-20,"9,124.00","9,008.40","9,185.50","8,950.20",329.01K,1.28%
27-Jun-20,"9,008.30","9,160.50","9,190.50","8,865.30",441.93K,-1.66%
26-Jun-20,"9,160.00","9,247.50","9,296.50","9,060.10",489.84K,-0.95%
25-Jun-20,"9,247.50","9,300.80","9,327.30","9,022.60",524.45K,-0.59%
24-Jun-20,"9,302.00","9,624.60","9,667.40","9,223.00",515.78K,-3.35%
23-Jun-20,"9,624.60","9,683.90","9,715.60","9,581.80",375.49K,-0.61%
22-Jun-20,"9,683.70","9,296.50","9,751.90","9,285.80",523.32K,4.17%
21-Jun-20,"9,296.40","9,358.80","9,411.20","9,288.50",335.99K,-0.67%
20-Jun-20,"9,358.80","9,314.00","9,394.50","9,199.80",383.44K,0.48%
19-Jun-20,"9,314.00","9,390.30","9,424.00","9,249.60",478.49K,-0.79%
18-Jun-20,"9,388.10","9,464.60","9,480.40","9,289.30",391.67K,-0.81%
17-Jun-20,"9,464.60","9,523.60","9,543.60","9,258.20",446.45K,-0.62%
16-Jun-20,"9,523.50","9,425.60","9,577.10","9,379.30",545.47K,1.04%
15-Jun-20,"9,425.40","9,345.50","9,489.70","8,925.60",750.90K,0.86%
14-Jun-20,"9,345.30","9,470.70","9,474.70","9,264.40",311.27K,-1.33%
13-Jun-20,"9,471.30","9,466.50","9,484.90","9,369.90",364.97K,0.05%
12-Jun-20,"9,466.60","9,283.70","9,547.50","9,249.40",529.28K,1.97%
11-Jun-20,"9,283.20","9,878.90","9,945.20","9,139.10",919.30K,-6.03%
10-Jun-20,"9,878.80","9,768.80","9,970.90","9,710.70",533.55K,1.13%
9-Jun-20,"9,768.80","9,777.70","9,857.20","9,616.60",479.55K,-0.09%
8-Jun-20,"9,777.90","9,743.40","9,788.20","9,662.30",431.04K,0.36%
7-Jun-20,"9,742.60","9,669.60","9,791.80","9,417.40",549.20K,0.76%
6-Jun-20,"9,669.60","9,630.80","9,733.10","9,549.50",370.85K,0.40%
5-Jun-20,"9,631.20","9,794.00","9,846.10","9,628.70",527.05K,-1.67%
4-Jun-20,"9,794.40","9,667.20","9,864.40","9,490.90",593.66K,1.32%
3-Jun-20,"9,667.20","9,527.00","9,667.20","9,421.70",558.12K,1.47%
2-Jun-20,"9,527.60","10,190.70","10,207.30","9,347.30",1.06M,-6.49%
1-Jun-20,"10,189.30","9,454.50","10,301.80","9,429.70",796.68K,7.77%
31-May-20,"9,454.80","9,692.90","9,695.60","9,406.20",645.27K,-2.45%
30-May-20,"9,692.50","9,424.80","9,729.90","9,352.70",720.62K,2.84%
29-May-20,"9,424.80","9,573.40","9,596.50","9,358.10",814.33K,-1.54%
28-May-20,"9,572.20","9,199.80","9,610.80","9,119.20",948.86K,4.06%
27-May-20,"9,199.10","8,842.30","9,210.90","8,818.60",810.89K,4.03%
26-May-20,"8,842.50","8,897.70","8,994.60","8,713.90",784.92K,-0.63%
25-May-20,"8,898.20","8,728.00","8,959.50","8,666.10",941.89K,1.95%
24-May-20,"8,728.20","9,177.90","9,292.00","8,724.10",1.11M,-4.89%
23-May-20,"9,177.00","9,169.80","9,303.20","9,098.90",812.56K,0.08%
22-May-20,"9,169.70","9,058.20","9,253.50","8,952.10",914.59K,1.22%
21-May-20,"9,059.00","9,511.60","9,567.10","8,833.60",1.41M,-4.76%
20-May-20,"9,512.30","9,773.00","9,829.30","9,368.40",1.15M,-2.67%
19-May-20,"9,773.30","9,730.80","9,883.90","9,498.70",1.16M,0.44%
18-May-20,"9,730.70","9,678.40","9,930.20","9,524.40",1.18M,0.55%
17-May-20,"9,677.70","9,376.60","9,866.00","9,327.80",1.18M,3.18%
16-May-20,"9,379.50","9,318.10","9,579.00","9,233.00",1.10M,0.66%
15-May-20,"9,318.00","9,778.60","9,819.60","9,223.20",1.56M,-4.71%
14-May-20,"9,778.40","9,298.70","9,887.50","9,265.80",1.77M,5.16%
13-May-20,"9,298.70","8,813.90","9,384.60","8,799.10",1.50M,5.50%
12-May-20,"8,813.80","8,569.80","8,964.50","8,542.80",1.35M,2.73%
11-May-20,"8,579.80","8,737.60","9,129.60","8,235.60",2.29M,-1.82%
10-May-20,"8,738.80","9,553.90","9,569.40","8,259.30",2.47M,-8.54%
9-May-20,"9,554.60","9,806.00","9,910.50","9,533.60",1.49M,-2.57%
8-May-20,"9,806.20","9,980.10","10,018.20","9,731.40",1.42M,-1.74%
7-May-20,"9,979.80","9,152.70","10,033.00","9,064.80",1.91M,9.05%
6-May-20,"9,151.40","9,000.60","9,373.70","8,923.60",1.62M,1.67%
5-May-20,"9,001.00","8,874.20","9,078.70","8,800.40",1.05M,1.42%
4-May-20,"8,874.70","8,885.50","8,945.50","8,553.20",1.12M,-0.12%
3-May-20,"8,885.50","8,966.20","9,169.90","8,742.20",1.15M,-0.90%
2-May-20,"8,966.30","8,821.60","8,986.20","8,771.30",890.34K,1.64%
1-May-20,"8,821.60","8,628.60","9,040.30","8,621.00",1.11M,2.23%
30-Apr-20,"8,629.00","8,770.60","9,437.50","8,425.50",2.04M,-1.62%
29-Apr-20,"8,770.90","7,746.70","8,918.50","7,729.70",1.83M,13.22%
28-Apr-20,"7,746.90","7,766.00","7,770.10","7,655.30",808.09K,-0.25%
27-Apr-20,"7,766.00","7,679.40","7,768.50","7,637.70",980.50K,1.13%
26-Apr-20,"7,678.90","7,540.40","7,679.40","7,520.50",921.59K,1.84%
25-Apr-20,"7,540.40","7,503.90","7,684.60","7,451.00",861.93K,0.49%
24-Apr-20,"7,503.80","7,491.30","7,583.50","7,423.50",951.95K,0.20%
23-Apr-20,"7,488.50","7,112.80","7,655.40","7,036.50",1.34M,5.28%
22-Apr-20,"7,112.90","6,842.50","7,137.40","6,821.80",914.18K,3.95%
21-Apr-20,"6,842.50","6,833.40","6,919.30","6,774.30",892.57K,0.13%
20-Apr-20,"6,833.50","7,122.90","7,207.50","6,771.20",1.26M,-4.06%
19-Apr-20,"7,122.90","7,230.90","7,238.00","7,079.10",5.93M,-1.49%
18-Apr-20,"7,230.80","7,035.90","7,259.40","7,031.50",796.45K,2.77%
17-Apr-20,"7,035.80","7,085.50","7,142.80","7,005.80",810.10K,-0.70%
16-Apr-20,"7,085.60","6,629.10","7,159.70","6,520.50",1.54M,6.89%
15-Apr-20,"6,629.10","6,851.30","6,929.50","6,615.90",1.00M,-3.24%
14-Apr-20,"6,850.90","6,841.80","6,970.80","6,768.60",999.53K,0.14%
13-Apr-20,"6,841.30","6,918.10","6,920.30","6,618.50",1.25M,-1.10%
12-Apr-20,"6,917.60","6,867.90","7,158.80","6,785.10",1.10M,0.73%
11-Apr-20,"6,867.80","6,862.70","6,931.40","6,765.10",845.58K,0.07%
10-Apr-20,"6,863.10","7,289.00","7,294.40","6,756.10",1.37M,-5.84%
9-Apr-20,"7,289.00","7,361.10","7,361.10","7,140.30",963.55K,-0.98%
8-Apr-20,"7,361.20","7,185.60","7,396.10","7,153.10",983.94K,2.45%
7-Apr-20,"7,185.20","7,332.30","7,440.30","7,101.70",1.32M,-2.01%
6-Apr-20,"7,332.30","6,772.80","7,335.00","6,770.10",1.53M,8.26%
5-Apr-20,"6,772.70","6,857.50","6,889.40","6,686.00",842.33K,-1.23%
4-Apr-20,"6,857.40","6,735.90","6,958.60","6,679.10",1.05M,1.80%
3-Apr-20,"6,735.90","6,799.90","7,026.30","6,623.60",1.35M,-0.95%
2-Apr-20,"6,800.50","6,638.80","7,182.70","6,567.90",1.74M,2.44%
1-Apr-20,"6,638.50","6,412.40","6,661.30","6,157.40",1.40M,3.52%
31-Mar-20,"6,412.50","6,391.10","6,513.10","6,346.30",1.05M,0.34%
30-Mar-20,"6,391.00","5,890.40","6,576.50","5,872.50",1.43M,8.50%
29-Mar-20,"5,890.40","6,233.20","6,258.80","5,889.30",916.17K,-5.51%
28-Mar-20,"6,233.70","6,373.40","6,374.30","6,046.50",1.26M,-2.19%
27-Mar-20,"6,373.40","6,725.50","6,813.70","6,322.30",1.16M,-5.23%
26-Mar-20,"6,725.10","6,677.90","6,772.90","6,541.70",1.18M,0.69%
25-Mar-20,"6,678.90","6,744.80","6,930.20","6,474.60",1.52M,-0.97%
24-Mar-20,"6,744.60","6,468.80","6,814.20","6,380.80",1.73M,4.26%
23-Mar-20,"6,468.90","5,822.00","6,564.70","5,710.80",1.88M,11.11%
22-Mar-20,"5,822.10","6,186.90","6,394.40","5,771.20",1.48M,-5.89%
21-Mar-20,"6,186.20","6,205.60","6,438.30","5,887.00",1.64M,-0.31%
20-Mar-20,"6,205.30","6,171.60","6,858.10","5,748.20",2.22M,0.54%
19-Mar-20,"6,172.00","5,359.20","6,379.50","5,256.00",2.18M,15.12%
18-Mar-20,"5,361.40","5,260.70","5,373.10","5,020.90",1.80M,1.91%
17-Mar-20,"5,261.10","5,030.20","5,432.80","4,946.50",1.89M,4.59%
16-Mar-20,"5,030.00","5,366.40","5,369.30","4,477.70",2.55M,-6.27%
15-Mar-20,"5,366.30","5,182.90","5,863.30","5,120.60",1.61M,3.54%
14-Mar-20,"5,182.70","5,589.40","5,634.90","5,072.20",1.69M,-7.19%
13-Mar-20,"5,584.30","4,815.20","5,934.30","3,869.50",4.17M,15.71%
12-Mar-20,"4,826.00","7,935.20","7,963.10","4,546.60",3.22M,-39.18%
11-Mar-20,"7,935.10","7,892.10","7,976.50","7,606.00",1.10M,0.56%
10-Mar-20,"7,891.20","7,933.00","8,145.50","7,740.20",1.20M,-0.53%
9-Mar-20,"7,933.00","8,035.80","8,158.80","7,648.70",1.54M,-1.26%
8-Mar-20,"8,034.10","8,887.80","8,888.00","8,015.30",1.11M,-9.61%
7-Mar-20,"8,887.80","9,134.20","9,180.80","8,848.70",750.65K,-2.70%
6-Mar-20,"9,134.80","9,060.60","9,165.20","9,004.90",1.04M,0.82%
5-Mar-20,"9,060.30","8,757.90","9,147.30","8,751.50",950.76K,3.45%
4-Mar-20,"8,757.90","8,761.30","8,840.30","8,679.70",759.69K,-0.04%
3-Mar-20,"8,761.40","8,906.10","8,911.70","8,669.30",1.01M,-1.61%
2-Mar-20,"8,904.80","8,537.50","8,961.80","8,503.10",1.02M,4.27%
1-Mar-20,"8,540.00","8,543.80","8,737.20","8,437.20",784.05K,-0.04%
29-Feb-20,"8,543.70","8,697.10","8,793.70","8,539.80",683.44K,-1.77%
28-Feb-20,"8,697.50","8,820.10","8,898.70","8,451.90",1.08M,-1.37%
27-Feb-20,"8,818.60","8,800.10","8,968.30","8,538.50",1.13M,0.21%
26-Feb-20,"8,800.30","9,317.10","9,368.10","8,672.00",1.32M,-5.55%
25-Feb-20,"9,317.20","9,662.60","9,672.30","9,269.80",937.97K,-3.57%
24-Feb-20,"9,662.70","9,943.20","9,981.00","9,507.00",980.00K,-2.82%
23-Feb-20,"9,942.70","9,655.60","9,965.60","9,653.40",775.88K,2.97%
22-Feb-20,"9,655.70","9,684.50","9,706.50","9,569.80",589.88K,-0.30%
21-Feb-20,"9,684.50","9,602.20","9,747.10","9,574.50",716.61K,0.85%
20-Feb-20,"9,602.40","9,611.90","9,681.40","9,448.90",870.80K,-0.07%
19-Feb-20,"9,609.40","10,158.60","10,230.90","9,424.30",905.95K,-5.40%
18-Feb-20,"10,158.40","9,701.50","10,230.10","9,601.60",945.91K,4.71%
17-Feb-20,"9,701.40","9,931.70","9,951.50","9,468.90",961.88K,-2.32%
16-Feb-20,"9,932.30","9,907.40","10,056.40","9,654.90",808.91K,0.25%
15-Feb-20,"9,907.70","10,336.00","10,369.80","9,831.70",808.81K,-4.12%
14-Feb-20,"10,333.00","10,235.50","10,372.40","10,125.20",732.51K,0.96%
13-Feb-20,"10,235.10","10,321.90","10,482.60","10,116.90",940.30K,-0.80%
12-Feb-20,"10,317.70","10,229.30","10,435.60","10,229.30",803.25K,0.86%
11-Feb-20,"10,229.50","9,854.00","10,314.10","9,725.10",791.28K,3.81%
10-Feb-20,"9,854.10","10,151.50","10,181.70","9,774.80",781.22K,-2.93%
9-Feb-20,"10,151.50","9,895.40","10,157.10","9,882.70",617.35K,2.59%
8-Feb-20,"9,895.50","9,817.30","9,931.20","9,673.20",551.31K,0.78%
7-Feb-20,"9,818.60","9,771.90","9,872.50","9,738.70",608.96K,0.48%
6-Feb-20,"9,772.00","9,611.80","9,854.90","9,536.10",778.67K,1.67%
5-Feb-20,"9,611.80","9,194.10","9,726.80","9,179.90",771.46K,4.54%
4-Feb-20,"9,193.90","9,296.50","9,347.50","9,193.90",651.68K,-1.10%
3-Feb-20,"9,296.60","9,334.60","9,582.80","9,243.10",701.39K,-0.41%
2-Feb-20,"9,334.90","9,381.50","9,465.40","9,183.10",683.37K,-0.50%
1-Feb-20,"9,381.60","9,349.30","9,458.80","9,301.50",458.42K,0.35%
31-Jan-20,"9,349.10","9,508.30","9,525.00","9,222.30",633.37K,-1.66%
30-Jan-20,"9,507.30","9,299.10","9,569.00","9,209.20",765.21K,2.24%
29-Jan-20,"9,298.90","9,377.30","9,428.70","9,250.90",749.88K,-0.84%
28-Jan-20,"9,377.30","8,866.60","9,389.50","8,866.60",954.20K,5.76%
27-Jan-20,"8,866.60","8,608.10","8,983.10","8,585.60",706.45K,3.01%
26-Jan-20,"8,607.80","8,341.60","8,607.80","8,304.90",468.34K,3.19%
25-Jan-20,"8,341.60","8,439.90","8,447.60","8,277.20",444.00K,-1.17%
24-Jan-20,"8,439.90","8,404.90","8,522.00","8,242.60",617.02K,0.41%
23-Jan-20,"8,405.10","8,678.50","8,687.30","8,309.60",722.67K,-3.15%
22-Jan-20,"8,678.50","8,733.00","8,805.40","8,610.80",509.06K,-0.62%
21-Jan-20,"8,732.60","8,642.00","8,770.30","8,524.00",540.20K,1.05%
20-Jan-20,"8,641.90","8,705.70","8,740.10","8,539.20",599.06K,-0.74%
19-Jan-20,"8,706.20","8,916.30","9,183.70","8,552.80",975.01K,-2.36%
18-Jan-20,"8,916.30","8,913.00","8,982.30","8,814.60",627.74K,0.04%
17-Jan-20,"8,913.10","8,726.70","9,005.10","8,675.90",794.11K,2.13%
16-Jan-20,"8,726.90","8,818.10","8,850.00","8,605.80",748.32K,-1.04%
15-Jan-20,"8,818.30","8,827.90","8,904.00","8,615.50",1.17M,-0.12%
14-Jan-20,"8,829.20","8,111.20","8,898.70","8,111.20",1.48M,8.85%
13-Jan-20,"8,111.40","8,188.30","8,196.70","8,068.40",610.66K,-0.93%
12-Jan-20,"8,187.60","8,023.30","8,189.90","7,973.10",595.22K,2.04%
11-Jan-20,"8,024.10","8,187.80","8,262.90","8,008.40",776.75K,-1.99%
10-Jan-20,"8,187.10","7,842.50","8,187.40","7,697.70",1.05M,4.40%
9-Jan-20,"7,842.40","8,060.00","8,065.90","7,779.20",786.50K,-2.70%
8-Jan-20,"8,059.60","8,154.20","8,436.40","7,900.80",1.19M,-1.18%
7-Jan-20,"8,155.70","7,759.10","8,182.00","7,754.10",1.01M,5.11%
6-Jan-20,"7,759.10","7,372.60","7,783.10","7,366.70",786.75K,5.24%
5-Jan-20,"7,372.50","7,376.80","7,501.00","7,345.60",628.14K,-0.06%
4-Jan-20,"7,376.80","7,345.10","7,433.10","7,291.40",523.91K,0.46%
3-Jan-20,"7,343.10","6,967.10","7,402.90","6,884.10",936.29K,5.40%
2-Jan-20,"6,967.00","7,199.70","7,209.60","6,901.40",632.78K,-3.23%
1-Jan-20,"7,199.80","7,196.40","7,259.40","7,180.00",420.28K,0.05%
31-Dec-19,"7,196.40","7,261.50","7,331.00","7,167.40",586.60K,-0.90%
30-Dec-19,"7,261.80","7,397.50","7,420.90","7,244.10",606.11K,-1.84%
29-Dec-19,"7,397.50","7,321.60","7,518.90","7,303.00",611.69K,1.04%
28-Dec-19,"7,321.50","7,261.90","7,375.90","7,256.50",610.96K,0.82%
27-Dec-19,"7,261.70","7,210.80","7,293.80","7,128.50",718.07K,0.70%
26-Dec-19,"7,210.90","7,225.00","7,414.30","7,177.30",795.09K,-0.19%
25-Dec-19,"7,224.80","7,268.30","7,542.40","7,150.90",625.41K,-0.60%
24-Dec-19,"7,268.30","7,322.40","7,433.20","7,185.70",785.54K,-0.74%
23-Dec-19,"7,322.80","7,496.20","7,684.00","7,276.20",952.16K,-2.31%
22-Dec-19,"7,495.80","7,156.30","7,501.10","7,142.00",677.94K,4.74%
21-Dec-19,"7,156.20","7,196.40","7,197.60","7,129.60",468.74K,-0.56%
20-Dec-19,"7,196.40","7,165.50","7,218.40","7,107.70",627.04K,0.43%
19-Dec-19,"7,165.50","7,276.40","7,354.00","7,039.30",778.72K,-1.52%
18-Dec-19,"7,276.00","6,613.50","7,387.70","6,462.20",1.14M,10.02%
17-Dec-19,"6,613.30","6,903.50","6,943.50","6,575.00",894.55K,-4.20%
16-Dec-19,"6,903.50","7,128.50","7,153.10","6,864.60",689.56K,-3.16%
15-Dec-19,"7,128.50","7,080.80","7,175.80","7,033.80",492.58K,0.67%
14-Dec-19,"7,080.80","7,255.20","7,267.40","7,043.30",524.56K,-2.40%
13-Dec-19,"7,255.20","7,208.40","7,288.00","7,200.30",503.49K,0.65%
12-Dec-19,"7,208.00","7,208.00","7,272.40","7,124.60",611.80K,0.00%
11-Dec-19,"7,208.00","7,235.80","7,284.40","7,168.80",518.40K,-0.38%
10-Dec-19,"7,235.70","7,356.20","7,400.30","7,192.10",609.50K,-1.63%
9-Dec-19,"7,355.80","7,524.80","7,626.00","7,321.60",648.66K,-2.24%
8-Dec-19,"7,524.40","7,510.80","7,576.40","7,416.70",499.04K,0.18%
7-Dec-19,"7,510.90","7,530.40","7,595.70","7,489.60",557.14K,-0.26%
6-Dec-19,"7,530.80","7,399.20","7,552.10","7,329.80",706.10K,1.78%
5-Dec-19,"7,399.20","7,204.60","7,476.30","7,184.00",780.78K,2.70%
4-Dec-19,"7,204.40","7,291.90","7,702.20","7,113.60",971.75K,-1.20%
3-Dec-19,"7,291.80","7,298.10","7,389.40","7,227.10",548.77K,-0.09%
2-Dec-19,"7,298.20","7,395.90","7,433.80","7,173.60",687.78K,-1.33%
1-Dec-19,"7,396.40","7,546.50","7,546.50","7,244.40",777.00K,-1.99%
30-Nov-19,"7,546.60","7,742.70","7,787.70","7,472.70",650.60K,-2.53%
29-Nov-19,"7,742.70","7,426.60","7,825.30","7,412.30",766.71K,4.26%
28-Nov-19,"7,426.70","7,510.60","7,639.50","7,380.60",737.58K,-1.12%
27-Nov-19,"7,510.60","7,162.80","7,636.90","6,875.40",996.49K,4.86%
26-Nov-19,"7,162.80","7,115.50","7,329.50","7,045.10",844.27K,0.66%
25-Nov-19,"7,115.60","6,924.70","7,352.80","6,534.80",1.29M,2.76%
24-Nov-19,"6,924.70","7,325.00","7,344.10","6,894.90",904.50K,-5.45%
23-Nov-19,"7,324.10","7,271.60","7,342.50","7,093.70",783.18K,0.71%
22-Nov-19,"7,272.50","7,627.90","7,700.90","6,818.50",1.41M,-4.66%
21-Nov-19,"7,627.90","8,099.40","8,129.60","7,519.70",891.50K,-5.82%
20-Nov-19,"8,099.30","8,145.70","8,223.00","8,074.20",607.27K,-0.57%
19-Nov-19,"8,145.70","8,207.70","8,245.60","8,032.80",654.27K,-0.76%
18-Nov-19,"8,208.40","8,510.30","8,516.30","8,110.40",692.60K,-3.54%
17-Nov-19,"8,509.80","8,497.40","8,631.70","8,413.00",531.22K,0.15%
16-Nov-19,"8,497.30","8,476.20","8,532.80","8,450.70",471.16K,0.25%
15-Nov-19,"8,476.30","8,660.80","8,761.80","8,437.10",653.71K,-2.13%
14-Nov-19,"8,661.20","8,782.90","8,799.80","8,615.80",515.43K,-1.39%
13-Nov-19,"8,783.10","8,813.20","8,829.70","8,721.10",454.33K,-0.33%
12-Nov-19,"8,812.60","8,737.40","8,841.20","8,615.70",575.16K,0.87%
11-Nov-19,"8,736.90","9,036.90","9,066.40","8,649.40",601.16K,-3.32%
10-Nov-19,"9,036.80","8,804.70","9,092.90","8,763.50",581.57K,2.64%
9-Nov-19,"8,804.50","8,778.10","8,877.50","8,746.90",512.02K,0.30%
8-Nov-19,"8,778.20","9,223.60","9,254.80","8,722.40",791.79K,-4.83%
7-Nov-19,"9,223.50","9,339.20","9,367.00","9,130.00",603.54K,-1.24%
6-Nov-19,"9,338.90","9,311.20","9,424.60","9,262.70",578.03K,0.30%
5-Nov-19,"9,310.80","9,396.10","9,452.70","9,193.90",653.42K,-0.91%
4-Nov-19,"9,396.40","9,198.70","9,500.40","9,134.10",681.01K,2.15%
3-Nov-19,"9,198.30","9,300.50","9,359.10","9,095.00",536.56K,-1.10%
2-Nov-19,"9,300.60","9,230.30","9,356.70","9,201.20",570.74K,0.76%
1-Nov-19,"9,230.10","9,153.10","9,270.40","9,057.20",689.65K,0.85%
31-Oct-19,"9,152.60","9,157.90","9,378.90","8,959.60",798.93K,-0.06%
30-Oct-19,"9,157.90","9,411.30","9,411.30","9,018.40",789.73K,-2.69%
29-Oct-19,"9,411.30","9,206.50","9,531.30","9,125.30",918.48K,2.22%
28-Oct-19,"9,207.20","9,530.10","9,866.90","9,202.50",1.04M,-3.38%
27-Oct-19,"9,529.60","9,230.60","9,773.20","9,081.00",1.16M,3.24%
26-Oct-19,"9,230.60","8,658.40","10,540.00","8,061.80",1.78M,6.61%
25-Oct-19,"8,658.30","7,422.80","8,697.70","7,404.90",1.18M,16.65%
24-Oct-19,"7,422.70","7,476.80","7,501.50","7,366.30",586.49K,-0.73%
23-Oct-19,"7,477.00","8,031.00","8,055.00","7,329.20",892.08K,-6.90%
22-Oct-19,"8,031.40","8,207.40","8,289.10","8,017.70",570.39K,-2.15%
21-Oct-19,"8,208.20","8,224.10","8,315.30","8,155.70",489.40K,-0.18%
20-Oct-19,"8,223.40","7,957.40","8,288.50","7,889.60",513.91K,3.34%
19-Oct-19,"7,957.30","7,948.30","8,060.20","7,892.40",428.83K,0.11%
18-Oct-19,"7,948.50","8,073.30","8,116.40","7,842.00",505.79K,-1.55%
17-Oct-19,"8,073.30","8,000.40","8,118.20","7,944.40",444.95K,0.91%
16-Oct-19,"8,000.40","8,167.10","8,185.90","7,929.80",538.92K,-2.04%
15-Oct-19,"8,167.20","8,353.40","8,400.20","8,139.50",469.73K,-2.23%
14-Oct-19,"8,353.30","8,281.30","8,374.30","8,222.20",505.02K,0.87%
13-Oct-19,"8,281.50","8,304.30","8,450.20","8,190.60",419.87K,-0.28%
12-Oct-19,"8,304.40","8,267.60","8,394.80","8,260.90",424.02K,0.44%
11-Oct-19,"8,267.80","8,562.20","8,751.10","8,249.70",667.86K,-3.44%
10-Oct-19,"8,562.30","8,566.80","8,638.50","8,438.70",511.46K,-0.05%
9-Oct-19,"8,566.70","8,180.10","8,655.90","8,122.70",636.43K,4.69%
8-Oct-19,"8,182.90","8,198.50","8,323.10","8,118.10",469.04K,-0.19%
7-Oct-19,"8,198.60","7,882.60","8,293.50","7,797.00",604.74K,4.02%
6-Oct-19,"7,881.90","8,127.30","8,145.50","7,834.90",448.80K,-3.02%
5-Oct-19,"8,127.30","8,148.00","8,185.10","8,030.60",360.92K,-0.25%
4-Oct-19,"8,148.10","8,227.60","8,233.60","8,041.40",416.92K,-0.96%
3-Oct-19,"8,226.90","8,363.60","8,391.70","8,090.10",460.97K,-1.64%
2-Oct-19,"8,364.10","8,302.70","8,374.00","8,167.70",405.86K,0.74%
1-Oct-19,"8,302.70","8,285.00","8,486.20","8,187.90",533.95K,0.22%
30-Sep-19,"8,284.30","8,048.90","8,318.50","7,749.00",600.26K,2.92%
29-Sep-19,"8,049.10","8,208.00","8,226.80","7,922.10",418.48K,-1.94%
28-Sep-19,"8,208.50","8,184.50","8,297.20","8,031.10",457.79K,0.29%
27-Sep-19,"8,184.90","8,063.80","8,257.40","7,882.10",561.40K,1.50%
26-Sep-19,"8,063.80","8,432.50","8,463.10","7,773.60",731.03K,-4.37%
25-Sep-19,"8,432.40","8,512.30","8,729.80","8,245.10",696.11K,-0.96%
24-Sep-19,"8,513.90","9,702.70","9,793.80","8,069.40",933.16K,-12.25%
23-Sep-19,"9,702.20","10,031.30","10,048.80","9,656.30",431.10K,-3.28%
22-Sep-19,"10,031.60","9,993.00","10,075.00","9,870.90",337.06K,0.39%
21-Sep-19,"9,993.00","10,172.80","10,177.90","9,939.80",326.17K,-1.77%
20-Sep-19,"10,172.70","10,251.50","10,279.50","10,088.60",362.07K,-0.76%
19-Sep-19,"10,250.50","10,164.60","10,297.60","9,707.60",542.25K,0.84%
18-Sep-19,"10,164.70","10,195.70","10,257.50","10,119.30",318.82K,-0.30%
17-Sep-19,"10,195.70","10,254.60","10,273.60","10,153.50",321.64K,-0.58%
16-Sep-19,"10,255.50","10,311.30","10,360.50","10,108.50",372.53K,-0.54%
15-Sep-19,"10,311.50","10,337.30","10,360.40","10,272.00",255.79K,-0.25%
14-Sep-19,"10,337.30","10,342.20","10,421.40","10,253.70",326.44K,-0.05%
13-Sep-19,"10,342.10","10,415.20","10,441.40","10,174.10",365.52K,-0.70%
12-Sep-19,"10,415.10","10,162.40","10,447.90","10,051.00",413.22K,2.49%
11-Sep-19,"10,162.50","10,104.90","10,257.50","9,908.90",413.06K,0.57%
10-Sep-19,"10,105.40","10,308.70","10,379.80","9,970.70",383.22K,-1.98%
9-Sep-19,"10,309.00","10,402.10","10,478.00","10,095.70",473.76K,-0.90%
8-Sep-19,"10,402.80","10,461.60","10,578.00","10,266.30",339.73K,-0.56%
7-Sep-19,"10,461.10","10,306.90","10,556.40","10,302.30",393.57K,1.47%
6-Sep-19,"10,309.30","10,566.70","10,896.20","10,227.40",643.02K,-2.44%
5-Sep-19,"10,566.90","10,567.80","10,630.70","10,469.90",402.09K,-0.01%
4-Sep-19,"10,568.20","10,611.60","10,783.60","10,388.60",504.45K,-0.42%
3-Sep-19,"10,612.30","10,348.10","10,756.80","10,283.50",578.79K,2.55%
2-Sep-19,"10,348.80","9,728.80","10,431.50","9,720.30",542.79K,6.37%
1-Sep-19,"9,729.30","9,594.70","9,799.50","9,533.60",322.66K,1.41%
31-Aug-19,"9,594.40","9,585.50","9,677.50","9,457.30",311.49K,0.09%
30-Aug-19,"9,585.40","9,494.10","9,675.70","9,370.20",413.92K,0.99%
29-Aug-19,"9,491.00","9,729.10","9,729.10","9,343.00",509.13K,-2.45%
28-Aug-19,"9,729.40","10,184.70","10,271.30","9,629.60",580.29K,-4.47%
27-Aug-19,"10,184.80","10,372.20","10,387.60","10,060.20",419.81K,-1.80%
26-Aug-19,"10,371.80","10,136.00","10,568.20","10,136.00",568.77K,2.32%
25-Aug-19,"10,136.30","10,132.10","10,307.00","9,935.20",422.53K,0.05%
24-Aug-19,"10,131.00","10,389.40","10,415.90","9,917.50",463.85K,-2.48%
23-Aug-19,"10,388.70","10,104.90","10,434.30","9,921.40",436.26K,2.81%
22-Aug-19,"10,105.00","10,141.10","10,218.20","9,777.00",520.75K,-0.36%
21-Aug-19,"10,141.50","10,753.30","10,797.80","9,908.00",717.65K,-5.68%
20-Aug-19,"10,752.60","10,911.20","10,941.60","10,581.00",515.47K,-1.45%
19-Aug-19,"10,910.70","10,312.80","10,923.90","10,267.80",519.01K,5.80%
18-Aug-19,"10,312.70","10,219.30","10,494.90","10,086.70",441.11K,0.93%
17-Aug-19,"10,218.10","10,335.50","10,460.70","10,016.30",497.77K,-1.14%
16-Aug-19,"10,335.60","10,300.90","10,734.00","9,788.60",798.67K,0.31%
15-Aug-19,"10,303.40","10,053.30","10,448.20","9,580.10",930.05K,2.53%
14-Aug-19,"10,049.40","10,894.20","10,894.50","9,965.50",745.59K,-7.74%
13-Aug-19,"10,892.90","11,395.00","11,445.60","10,793.20",540.78K,-4.40%
12-Aug-19,"11,394.20","11,505.10","11,508.60","11,267.30",391.08K,-1.07%
11-Aug-19,"11,517.20","11,314.60","11,728.40","11,146.10",435.83K,1.79%
10-Aug-19,"11,314.50","12,090.50","12,185.00","11,281.60",570.74K,-6.41%
9-Aug-19,"12,089.80","12,190.00","12,225.30","11,885.00",558.72K,-0.84%
8-Aug-19,"12,191.60","12,015.90","12,236.60","11,727.00",592.15K,1.48%
7-Aug-19,"12,013.90","11,481.00","12,114.50","11,406.40",702.85K,4.64%
6-Aug-19,"11,480.90","11,817.60","12,291.90","11,237.00",807.58K,-2.84%
5-Aug-19,"11,816.80","10,934.80","11,922.30","10,934.80",769.63K,8.07%
4-Aug-19,"10,934.60","10,816.10","11,017.70","10,568.80",585.71K,1.10%
3-Aug-19,"10,815.70","10,519.90","10,893.60","10,504.50",508.75K,2.81%
2-Aug-19,"10,520.10","10,380.50","10,664.80","10,330.50",578.29K,1.35%
1-Aug-19,"10,380.00","10,081.90","10,459.00","9,890.60",608.37K,2.96%
31-Jul-19,"10,082.00","9,580.30","10,100.00","9,562.40",589.84K,5.23%
30-Jul-19,"9,580.70","9,580.00","9,703.00","9,483.00",511.51K,0.00%
29-Jul-19,"9,580.90","9,728.50","9,835.40","9,502.50",510.90K,-1.51%
28-Jul-19,"9,727.80","9,491.10","9,798.50","9,401.10",518.59K,2.48%
27-Jul-19,"9,492.10","9,830.40","10,232.30","9,389.10",661.89K,-3.45%
26-Jul-19,"9,831.00","9,945.20","10,436.10","9,724.20",493.75K,-1.15%
25-Jul-19,"9,945.30","9,804.70","10,203.50","9,776.60",545.85K,1.44%
24-Jul-19,"9,804.30","9,887.20","9,945.30","9,584.00",639.54K,-0.85%
23-Jul-19,"9,888.70","10,412.80","10,414.70","9,865.40",663.38K,-5.03%
22-Jul-19,"10,412.50","10,715.10","10,806.30","10,196.50",591.27K,-2.82%
21-Jul-19,"10,714.40","10,827.00","10,883.80","10,442.50",562.17K,-1.04%
20-Jul-19,"10,826.70","10,571.90","11,155.60","10,462.00",668.94K,2.41%
19-Jul-19,"10,571.50","10,651.60","10,758.40","10,160.70",727.79K,-0.75%
18-Jul-19,"10,651.40","9,723.10","10,787.10","9,390.00",974.49K,9.55%
17-Jul-19,"9,723.20","9,425.10","9,983.60","9,082.60",1.03M,3.17%
16-Jul-19,"9,424.80","10,844.00","11,019.50","9,375.30",1.05M,-13.10%
15-Jul-19,"10,845.90","10,199.90","11,064.70","9,885.40",956.52K,6.33%
14-Jul-19,"10,200.10","11,364.30","11,448.70","10,128.90",840.76K,-10.25%
13-Jul-19,"11,364.90","11,762.80","11,798.40","10,839.40",747.71K,-3.38%
12-Jul-19,"11,762.10","11,343.70","11,881.40","11,109.80",738.17K,3.70%
11-Jul-19,"11,342.30","12,111.60","12,111.60","11,029.00",943.13K,-6.34%
10-Jul-19,"12,110.60","12,542.80","13,134.40","11,594.90",1.11M,-3.44%
9-Jul-19,"12,541.50","12,250.60","12,772.90","12,111.20",847.84K,2.36%
8-Jul-19,"12,252.60","11,415.80","12,332.30","11,304.80",695.60K,7.33%
7-Jul-19,"11,415.90","11,267.90","11,524.60","11,108.10",601.93K,1.31%
6-Jul-19,"11,268.00","10,969.80","11,650.20","10,967.90",688.96K,2.71%
5-Jul-19,"10,970.20","11,159.70","11,381.80","10,810.30",772.67K,-1.73%
4-Jul-19,"11,163.10","11,899.30","11,948.00","11,087.10",840.34K,-6.20%
3-Jul-19,"11,900.80","10,835.90","11,931.80","10,835.90",998.73K,9.83%
2-Jul-19,"10,835.90","10,615.50","10,923.50","9,728.50",1.12M,2.07%
1-Jul-19,"10,616.60","10,821.40","11,254.50","10,041.60",1.04M,-1.87%
30-Jun-19,"10,818.60","11,906.00","12,179.30","10,765.40",880.77K,-9.14%
29-Jun-19,"11,906.50","12,408.00","12,422.90","11,490.80",834.62K,-4.05%
28-Jun-19,"12,409.10","11,288.40","12,461.80","10,970.50",1.09M,9.93%
27-Jun-19,"11,287.80","13,062.40","13,422.00","10,493.50",1.59M,-13.59%
26-Jun-19,"13,063.80","11,811.60","13,929.80","11,747.30",1.48M,10.62%
25-Jun-19,"11,809.90","11,046.60","11,833.90","11,033.70",781.09K,6.91%
24-Jun-19,"11,046.40","10,897.30","11,114.40","10,622.60",566.96K,1.37%
23-Jun-19,"10,897.10","10,721.50","11,361.30","10,557.80",683.79K,1.64%
22-Jun-19,"10,721.70","10,178.10","11,160.50","10,031.30",1.09M,5.33%
21-Jun-19,"10,179.30","9,517.70","10,184.30","9,517.40",769.12K,6.96%
20-Jun-19,"9,517.00","9,255.00","9,583.90","9,188.40",693.62K,2.83%
19-Jun-19,"9,255.40","9,080.70","9,295.10","9,044.00",587.57K,1.93%
18-Jun-19,"9,080.60","9,318.90","9,336.10","8,962.70",723.17K,-2.56%
17-Jun-19,"9,318.80","8,961.00","9,438.10","8,959.80",738.80K,3.98%
16-Jun-19,"8,962.50","8,812.20","9,332.00","8,771.10",849.77K,1.70%
15-Jun-19,"8,812.50","8,655.80","8,856.70","8,582.30",608.69K,1.81%
14-Jun-19,"8,656.10","8,218.60","8,685.30","8,153.20",643.17K,5.32%
13-Jun-19,"8,219.00","8,132.40","8,306.10","8,028.60",574.21K,1.06%
12-Jun-19,"8,133.10","7,888.00","8,198.10","7,805.80",607.89K,3.11%
11-Jun-19,"7,888.00","7,987.80","8,010.40","7,714.50",579.00K,-1.25%
10-Jun-19,"7,987.80","7,635.00","8,012.80","7,523.60",641.38K,4.62%
9-Jun-19,"7,635.00","7,901.60","7,937.50","7,516.90",554.48K,-3.37%
8-Jun-19,"7,901.40","7,985.30","8,044.40","7,770.50",485.81K,-1.05%
7-Jun-19,"7,985.20","7,785.80","8,099.40","7,749.40",588.87K,2.57%
6-Jun-19,"7,784.90","7,779.60","7,861.40","7,480.40",651.82K,0.08%
5-Jun-19,"7,779.10","7,685.60","7,885.00","7,590.40",762.94K,1.22%
4-Jun-19,"7,685.50","8,118.10","8,118.10","7,494.00",966.95K,-5.41%
3-Jun-19,"8,124.80","8,728.60","8,734.90","8,102.70",739.45K,-6.92%
2-Jun-19,"8,728.60","8,545.80","8,807.70","8,534.80",614.54K,2.14%
1-Jun-19,"8,545.70","8,556.90","8,615.80","8,454.00",686.75K,-0.15%
31-May-19,"8,558.30","8,271.40","8,578.80","8,135.00",858.41K,3.46%
30-May-19,"8,271.90","8,647.80","9,045.90","8,054.70",1.04M,-4.35%
29-May-19,"8,647.80","8,715.60","8,747.20","8,435.30",15.43M,-0.79%
28-May-19,"8,716.30","8,759.40","8,794.10","8,568.80",763.20K,-0.50%
27-May-19,"8,760.10","8,628.90","8,902.80","8,607.30",907.96K,1.51%
26-May-19,"8,630.20","8,029.60","8,718.60","7,866.50",872.12K,7.51%
25-May-19,"8,027.40","7,971.40","8,090.10","7,919.10",691.27K,0.72%
24-May-19,"7,970.10","7,852.80","8,124.10","7,775.40",868.47K,1.50%
23-May-19,"7,852.10","7,637.20","7,939.10","7,486.80",815.14K,2.83%
22-May-19,"7,635.70","7,928.70","7,999.00","7,545.90",821.40K,-3.72%
21-May-19,"7,930.30","7,965.00","8,056.80","7,813.20",804.88K,-0.44%
20-May-19,"7,965.30","8,156.40","8,156.40","7,604.00",958.81K,-2.35%
19-May-19,"8,157.20","7,261.90","8,253.40","7,252.30",1.08M,12.32%
18-May-19,"7,262.60","7,359.90","7,458.50","7,189.40",865.53K,-1.32%
17-May-19,"7,359.50","7,871.90","7,924.00","6,998.60",1.43M,-6.51%
16-May-19,"7,871.80","8,164.80","8,293.30","7,720.40",1.18M,-3.59%
15-May-19,"8,164.60","7,994.80","8,225.30","7,856.50",1.13M,2.13%
14-May-19,"7,994.60","7,806.40","8,323.90","7,674.00",1.33M,2.42%
13-May-19,"7,806.00","6,984.70","8,058.30","6,893.10",1.20M,11.76%
12-May-19,"6,984.80","7,190.00","7,518.90","6,802.60",1.35M,-2.86%
11-May-19,"7,190.30","6,386.60","7,373.80","6,386.50",1.31M,12.59%
10-May-19,"6,386.00","6,194.30","6,466.60","6,157.80",907.94K,3.14%
9-May-19,"6,191.50","5,990.50","6,206.00","5,990.00",799.96K,3.36%
8-May-19,"5,990.30","5,849.40","6,011.30","5,799.10",757.13K,2.41%
7-May-19,"5,849.50","5,745.50","6,019.80","5,745.50",955.88K,1.82%
6-May-19,"5,745.10","5,775.10","5,801.40","5,630.50",755.39K,-0.52%
5-May-19,"5,774.90","5,830.80","5,838.20","5,708.20",709.02K,-0.96%
4-May-19,"5,830.90","5,768.00","5,899.20","5,605.00",920.61K,1.11%
3-May-19,"5,766.80","5,493.60","5,844.20","5,478.70",1.04M,4.97%
2-May-19,"5,493.80","5,384.60","5,530.80","5,370.00",722.23K,2.04%
1-May-19,"5,384.20","5,321.10","5,396.30","5,319.50",623.64K,1.19%
30-Apr-19,"5,320.80","5,235.40","5,336.60","5,195.90",697.42K,1.64%
29-Apr-19,"5,235.00","5,302.40","5,322.90","5,188.90",775.82K,-1.27%
28-Apr-19,"5,302.30","5,265.70","5,332.50","5,234.40",681.41K,0.69%
27-Apr-19,"5,265.90","5,298.20","5,318.10","5,225.40",833.13K,-0.61%
26-Apr-19,"5,298.30","5,209.20","5,469.30","5,159.30",1.03M,1.71%
25-Apr-19,"5,209.10","5,415.60","5,528.20","5,137.40",955.36K,-3.81%
24-Apr-19,"5,415.60","5,511.20","5,589.60","5,346.80",994.04K,-1.74%
23-Apr-19,"5,511.60","5,346.50","5,594.40","5,291.40",900.00K,3.08%
22-Apr-19,"5,346.70","5,248.20","5,370.20","5,170.20",920.77K,1.97%
21-Apr-19,"5,243.50","5,290.20","5,308.20","5,189.80",811.41K,-0.88%
20-Apr-19,"5,290.20","5,241.00","5,327.00","5,240.20",782.32K,0.94%
19-Apr-19,"5,241.00","5,264.80","5,282.40","5,192.10",787.09K,-0.45%
18-Apr-19,"5,264.70","5,208.30","5,293.10","5,205.00",727.97K,1.08%
17-Apr-19,"5,208.30","5,182.10","5,230.90","5,165.50",806.52K,0.53%
16-Apr-19,"5,180.90","5,031.40","5,198.40","5,014.40",631.05K,2.95%
15-Apr-19,"5,032.30","5,135.10","5,168.00","4,964.20",688.20K,-2.00%
14-Apr-19,"5,134.80","5,052.00","5,153.50","5,010.70",566.38K,1.64%
13-Apr-19,"5,051.80","5,054.20","5,093.40","5,011.60",577.16K,-0.05%
12-Apr-19,"5,054.20","5,022.70","5,080.50","4,889.20",779.14K,0.63%
11-Apr-19,"5,022.60","5,307.70","5,337.00","4,948.00",943.49K,-5.37%
10-Apr-19,"5,307.80","5,158.40","5,404.10","5,142.90",837.51K,2.89%
9-Apr-19,"5,158.40","5,245.00","5,245.90","5,095.20",784.62K,-1.65%
8-Apr-19,"5,245.20","5,173.50","5,300.60","5,060.50",928.23K,1.38%
7-Apr-19,"5,173.60","5,046.10","5,219.50","5,033.70",841.27K,2.53%
6-Apr-19,"5,046.20","5,010.00","5,198.40","4,947.90",952.18K,0.72%
5-Apr-19,"5,010.20","4,902.50","5,029.40","4,888.30",851.72K,2.20%
4-Apr-19,"4,902.40","4,968.70","5,042.50","4,789.20",1.05M,-1.33%
3-Apr-19,"4,968.70","4,859.30","5,278.40","4,814.00",13.83M,2.25%
2-Apr-19,"4,859.30","4,145.10","4,899.60","4,143.50",14.77M,17.23%
1-Apr-19,"4,145.10","4,102.30","4,159.10","4,076.80",3.22M,1.04%
31-Mar-19,"4,102.30","4,111.80","4,121.90","4,082.20",2.43M,-0.23%
30-Mar-19,"4,111.80","4,103.70","4,138.10","4,057.10",2.55M,0.23%
29-Mar-19,"4,102.20","4,025.70","4,123.10","4,022.60",3.30M,1.90%
28-Mar-19,"4,025.60","4,041.70","4,041.70","4,008.40",2.11M,-0.40%
27-Mar-19,"4,041.70","3,942.80","4,043.30","3,936.20",2.78M,2.51%
26-Mar-19,"3,942.80","3,937.10","3,950.70","3,899.90",2.53M,0.15%
25-Mar-19,"3,937.00","3,994.80","4,000.50","3,897.90",2.86M,-1.44%
24-Mar-19,"3,994.70","4,002.60","4,005.70","3,967.00",2.04M,-0.20%
23-Mar-19,"4,002.50","3,990.40","4,018.20","3,980.80",2.00M,0.30%
22-Mar-19,"3,990.40","3,982.20","4,005.70","3,971.80",2.83M,0.21%
21-Mar-19,"3,982.20","4,041.20","4,064.00","3,923.80",3.88M,-1.46%
20-Mar-19,"4,041.20","4,017.00","4,050.00","3,985.30",3.18M,0.60%
19-Mar-19,"4,017.00","3,990.20","4,029.90","3,972.40",2.99M,0.67%
18-Mar-19,"3,990.20","3,981.50","4,032.30","3,958.50",2.62M,0.22%
17-Mar-19,"3,981.50","4,006.40","4,009.80","3,956.30",1.87M,-0.62%
16-Mar-19,"4,006.40","3,924.40","4,050.60","3,923.70",3.46M,2.09%
15-Mar-19,"3,924.30","3,879.00","3,935.70","3,874.80",3.11M,1.17%
14-Mar-19,"3,879.00","3,865.10","3,914.70","3,828.40",2.86M,0.36%
13-Mar-19,"3,865.10","3,885.90","3,894.70","3,847.40",2.28M,-0.54%
12-Mar-19,"3,886.00","3,870.30","3,900.10","3,817.10",2.90M,0.41%
11-Mar-19,"3,870.30","3,915.20","3,935.50","3,842.40",3.19M,-1.15%
10-Mar-19,"3,915.20","3,944.40","3,944.50","3,889.20",1.89M,-0.74%
9-Mar-19,"3,944.30","3,865.60","3,964.00","3,859.70",2.48M,2.03%
8-Mar-19,"3,865.90","3,875.10","3,929.00","3,810.70",2.96M,-0.24%
7-Mar-19,"3,875.10","3,863.10","3,907.40","3,847.90",2.60M,0.32%
6-Mar-19,"3,863.00","3,857.20","3,887.30","3,816.70",2.52M,0.15%
5-Mar-19,"3,857.20","3,715.90","3,873.20","3,705.70",3.82M,3.80%
4-Mar-19,"3,715.90","3,809.70","3,828.40","3,681.80",2.85M,-2.45%
3-Mar-19,"3,809.50","3,823.20","3,836.60","3,789.70",1.51M,-0.36%
2-Mar-19,"3,823.10","3,821.90","3,843.20","3,783.60",1.61M,0.03%
1-Mar-19,"3,821.90","3,816.70","3,855.80","3,816.40",1.74M,0.14%
28-Feb-19,"3,816.60","3,814.60","3,883.70","3,783.30",2.31M,0.05%
27-Feb-19,"3,814.60","3,810.30","3,836.40","3,701.90",2.82M,0.11%
26-Feb-19,"3,810.30","3,833.50","3,845.50","3,775.00",2.09M,-0.61%
25-Feb-19,"3,833.70","3,755.70","3,870.70","3,753.80",765.87K,2.09%
24-Feb-19,"3,755.20","4,120.50","4,194.20","3,738.70",977.78K,-8.86%
23-Feb-19,"4,120.40","3,965.20","4,152.60","3,939.40",727.85K,3.91%
22-Feb-19,"3,965.20","3,937.40","3,983.10","3,931.70",649.55K,0.73%
21-Feb-19,"3,936.60","3,972.00","4,011.50","3,909.20",668.16K,-0.90%
20-Feb-19,"3,972.40","3,914.30","3,983.60","3,881.20",698.01K,1.48%
19-Feb-19,"3,914.30","3,896.40","3,993.80","3,863.70",1.44M,0.47%
18-Feb-19,"3,896.00","3,664.20","3,903.70","3,655.10",933.15K,6.33%
17-Feb-19,"3,664.20","3,616.80","3,689.90","3,607.90",580.51K,1.31%
16-Feb-19,"3,616.80","3,604.70","3,641.90","3,599.70",485.63K,0.34%
15-Feb-19,"3,604.70","3,592.60","3,648.30","3,581.40",516.21K,0.34%
14-Feb-19,"3,592.60","3,611.50","3,624.50","3,580.20",498.14K,-0.52%
13-Feb-19,"3,611.50","3,632.00","3,663.50","3,599.20",558.02K,-0.56%
12-Feb-19,"3,632.00","3,631.80","3,656.40","3,594.40",545.82K,0.01%
11-Feb-19,"3,631.80","3,678.80","3,681.10","3,623.80",517.28K,-1.28%
10-Feb-19,"3,679.00","3,661.00","3,680.60","3,617.10",501.90K,0.48%
9-Feb-19,"3,661.40","3,661.60","3,675.30","3,633.20",454.80K,-0.01%
8-Feb-19,"3,661.70","3,397.30","3,721.10","3,382.50",699.23K,7.77%
7-Feb-19,"3,397.70","3,404.90","3,421.80","3,390.30",471.36K,-0.20%
6-Feb-19,"3,404.30","3,468.50","3,478.00","3,383.90",514.21K,-1.85%
5-Feb-19,"3,468.40","3,463.00","3,485.90","3,450.30",460.95K,0.16%
4-Feb-19,"3,462.80","3,459.00","3,479.70","3,437.10",503.92K,0.11%
3-Feb-19,"3,459.10","3,502.30","3,507.80","3,431.30",451.66K,-1.24%
2-Feb-19,"3,502.50","3,467.90","3,514.50","3,447.80",443.60K,1.00%
1-Feb-19,"3,467.90","3,437.70","3,485.70","3,415.30",481.58K,0.90%
31-Jan-19,"3,437.20","3,460.00","3,484.70","3,427.00",477.07K,-0.66%
30-Jan-19,"3,460.00","3,414.60","3,479.00","3,394.20",600.25K,1.32%
29-Jan-19,"3,414.80","3,442.80","3,450.10","3,368.20",585.46K,-0.81%
28-Jan-19,"3,442.80","3,555.80","3,561.20","3,395.70",620.85K,-3.17%
27-Jan-19,"3,555.60","3,570.90","3,583.20","3,509.20",464.02K,-0.43%
26-Jan-19,"3,570.90","3,572.00","3,652.50","3,556.10",432.55K,-0.03%
25-Jan-19,"3,572.00","3,574.30","3,582.60","3,542.20",448.89K,-0.06%
24-Jan-19,"3,574.30","3,561.40","3,587.00","3,539.70",428.60K,0.36%
23-Jan-19,"3,561.50","3,580.10","3,608.30","3,532.80",445.87K,-0.52%
22-Jan-19,"3,580.10","3,536.90","3,607.90","3,465.20",447.70K,1.23%
21-Jan-19,"3,536.70","3,542.70","3,561.40","3,505.40",394.17K,-0.16%
20-Jan-19,"3,542.30","3,676.20","3,699.10","3,503.90",563.31K,-3.68%
19-Jan-19,"3,677.80","3,605.80","3,715.20","3,604.10",537.06K,2.00%
18-Jan-19,"3,605.60","3,626.30","3,627.90","3,575.70",488.16K,-0.57%
17-Jan-19,"3,626.40","3,588.10","3,636.70","3,554.80",525.10K,1.07%
16-Jan-19,"3,588.00","3,570.60","3,644.10","3,561.40",487.34K,0.47%